Current inventory,,,,,,,,,,,
"For the period of 01 Dec 2025 to 31 Dec 2025
 Outlet(s): Pittsburgh Store",,,,,,,,,,,
,,,,,,,,,,,
Product,SKU,Barcode,On hand,Reorder qty,Reorder point,Unit cost,Total cost,Retail price,Retail (Ex. Tax),Retail (Inc. Tax),Department/Catgory
"1 1/2 x 6"" Sink Tailpiece",,,5,0,0,$2.73,$13.65,$4.69,$23.45,$23.45,
1 Hole Strapping 14/2-12/2 10pk,,,1,0,0,$1.73,$1.73,$2.39,$2.39,$2.56,
"1"" Cordless Vinyl Blinds 41x72""",,,0,0,0,$39.13,$0.00,$46.13,$0.00,$0.00,
"1"" Cordless Vinyl Blinds 49x72""",,,0,0,0,$49.69,$0.00,$54.69,$0.00,$0.00,
"1/2 - 1"" Ground Clamp DB",,,40,0,0,$3.22,$128.80,$7.99,$319.60,$342.00,
"1/2"" 5H Round Box Gray",,,3,0,0,$4.00,$12.00,$7.99,$23.97,$25.65,
"1/2"" Black Iron 90 Elbow",,,7,0,0,$1.53,$10.71,$2.15,$15.05,$16.10,
"1/2"" Black Iron Cap",,,15,0,0,$1.00,$15.00,$1.39,$20.85,$22.35,
"1/2"" Black Iron Coupling",,,10,0,0,$1.35,$13.50,$1.92,$19.20,$20.50,
"1/2"" Black Iron Tee",,,15,0,0,$0.90,$13.50,$1.24,$18.60,$19.95,
"1/2"" Clamp Connector",,,0,0,0,$0.26,$0.00,$0.79,$0.00,$0.00,
"1/2"" Copper Crimp Ring 25pk",,,4,0,0,$4.11,$16.44,$8.99,$35.96,$38.48,
"1/2"" Copper Crimp Ring 50pk",,,2,0,0,$8.37,$16.74,$22.99,$45.98,$49.20,
"1/2"" Copper Crimp Rings",,,2,0,0,$19.33,$38.66,$25.95,$51.90,$55.54,
"1/2"" CPVC x 1/2"" Pex Adapter",,,5,0,0,$2.53,$12.65,$6.88,$34.40,$36.80,
"1/2"" EMT 1H Strap 3pk",,,26,0,0,$0.26,$6.76,$1.39,$36.14,$38.74,
"1/2"" EMT 2H Strap 3pk",,,21,0,0,$0.22,$4.62,$1.39,$29.19,$31.29,
"1/2"" Knockout Seal",,,10,0,0,$0.22,$2.20,$0.79,$7.90,$8.50,
"1/2"" One Hole Strap Rigid 3pk",,,21,0,0,$0.45,$9.45,$1.59,$33.39,$35.70,
"1/2"" Pex Couplings 100pk",,,1,0,0,$28.35,$28.35,$38.81,$38.81,$41.53,
"1/2"" Pex Elbows 65pk",,,1,0,0,$23.59,$23.59,$33.91,$33.91,$36.28,
"1/2"" Pex Straight Ball Valve",,,4,0,0,$8.53,$34.12,$10.53,$42.12,$45.08,
"1/2"" Pex Tee's 40pk",,,2,0,0,$19.12,$38.24,$27.61,$55.22,$59.08,
"1/2"" Pex Test Plugs 100pk",,,1,0,0,$26.32,$26.32,$36.32,$36.32,$38.86,
"1/2"" Pex x 1/2"" FNPT Adapter",,,6,0,0,$2.31,$13.86,$3.73,$22.38,$23.94,
"1/2"" Pex x 1/2"" FNPT Drop Ear Elbow",,,8,0,0,$3.16,$25.28,$7.98,$63.84,$68.32,
"1/2"" Pex x 1/2"" MNPT Adapter",,,7,0,0,$2.06,$14.42,$3.27,$22.89,$24.50,
"1/2"" Pex x 1/2"" Press Adapter",,,10,0,0,$6.64,$66.40,$8.69,$86.90,$93.00,
"1/2"" Pex x 3/4"" FNPT Adapter",,,8,0,0,$2.98,$23.84,$3.78,$30.24,$32.32,
"1/2"" Pex x 3/4"" MNPT Adapter",,,7,0,0,$3.18,$22.26,$3.78,$26.46,$28.28,
"1/2"" Pinch Clamps 25pk Pex Crimp Rings",,,0,0,0,$11.56,$0.00,$12.85,$0.00,$0.00,
"1/2"" Press 45 Elbow",,,10,0,0,$3.12,$31.20,$5.31,$53.10,$56.80,
"1/2"" Press 90 Elbow singles",,,25,0,0,$2.98,$74.50,$4.38,$109.50,$117.25,
"1/2"" Press Cap Single",,,23,0,0,$5.68,$130.64,$8.36,$192.28,$205.85,
"1/2"" Press Coupling Singles",,,24,0,0,$5.15,$123.60,$7.58,$181.92,$194.64,
"1/2"" Press Tee Singles",,,16,0,0,$3.77,$60.32,$5.77,$92.32,$98.72,
"1/2"" Press Union",,,8,0,0,$10.58,$84.64,$13.21,$105.68,$113.04,
"1/2"" Press x 1/2"" FPT Adapter",,,12,0,0,$3.36,$40.32,$4.36,$52.32,$56.04,
"1/2"" Press x 1/2"" MPT Adapter",,,10,0,0,$2.32,$23.20,$4.15,$41.50,$44.40,
"1/2"" Press x 3/4"" FPT",,,18,0,0,$6.81,$122.58,$13.89,$250.02,$267.48,
"1/2"" PVC 90 Elbow 30pk",,,2,0,0,$10.51,$21.02,$14.51,$29.02,$31.06,
"1/2"" PVC Cap",,,17,0,0,$0.60,$10.20,$0.80,$13.60,$14.62,
"1/2"" PVC Coupling 35pk",,,2,0,0,$12.25,$24.50,$15.25,$30.50,$32.64,
"1/2"" PVC Tee 15pk",,,2,0,0,$5.93,$11.86,$8.93,$17.86,$19.12,
"1/2"" Sweat x 1/2"" MPT Adapter",,,0,0,0,$2.25,$0.00,$3.99,$0.00,$0.00,
"1/2"" UF Cable Connector",,,5,0,0,$0.89,$4.45,$2.99,$14.95,$16.00,
"1/4 Turn Angle Valve 1/2"" COMP x 3/4"" COMP",,,0,0,0,$4.37,$0.00,$10.47,$0.00,$0.00,
"1/4 Turn Angle Valve 1/2"" Pex x 3/8"" COMP",,,4,0,0,$4.98,$19.92,$9.45,$37.80,$40.44,
"1/4 Turn Straight Valve 1/2"" Pex x 3/8"" COMP",,,6,0,0,$5.04,$30.24,$9.45,$56.70,$60.66,
1/4 Turn Straight Valve 3/8x3/8,,,5,0,0,$9.67,$48.35,$14.99,$74.95,$74.95,
"13"" Brushed Nickel Flush Mount Light 2pk",,,7,0,0,$43.50,$304.50,$69.97,$489.79,$489.79,
"14x20x1"" Furnace Filters 3pk",,,0,0,0,$13.13,$0.00,$16.99,$0.00,$0.00,
"1x2"" Trim Board Primed",,,11,0,0,$5.03,$55.33,$8.55,$94.05,$100.65,
"1x2""x8' Furring Strip Board",,,11,0,0,$1.57,$17.27,$2.05,$22.55,$24.09,
"1x4""x8' Trim Board Primed",,,26,0,0,$9.29,$241.54,$11.59,$301.34,$322.40,
"1x4""x8' Unfinished Square Edge Board",,,21,0,0,$4.63,$97.23,$7.88,$165.48,$177.03,
"1x4""x8' White PVC Trim Board",,,22,0,0,$1.00,$22.00,$19.98,$439.56,$470.36,
"1x6""x8' Trim Board Primed",,,12,0,0,$14.37,$172.44,$18.90,$226.80,$242.64,
"1x6""x8' Unfinished Square Edge Board",,,25,0,0,$9.98,$249.50,$11.09,$277.25,$296.50,
24 Hour Mechanical Time Switch T101,,,1,0,0,$69.98,$69.98,$74.98,$74.98,$80.23,
24 Hour Mechanical Time Switch T103,,,1,0,0,$79.98,$79.98,$84.98,$84.98,$90.93,
"28x48"" Vinyl Mini Blind",,,0,0,0,$38.92,$0.00,$44.92,$0.00,$0.00,
28x80 Pre Hung Hollow Core Door,,,0,0,0,$136.37,$0.00,$149.99,$0.00,$0.00,
"2x4""x8' Pine Whitewood Stud",,,25,0,0,$3.64,$91.00,$4.19,$104.75,$112.00,
"3 1/2"" Triangle Sanding Pads 120 grit 6pk",,,5,0,0,$5.03,$25.15,$6.99,$34.95,$37.40,
"3 1/2"" Triangle Sanding Pads 80 grit 6pk",,,3,0,0,$5.03,$15.09,$6.99,$20.97,$22.44,
"3/4"" Clamp Connector",,,22,0,0,$0.57,$12.54,$1.99,$43.78,$46.86,
"3/4"" Copper Crimp Rings 100pk",,,2,0,0,$26.74,$53.48,$32.64,$65.28,$69.84,
"3/4"" CPVC x 3/4"" Pex Adapter",,,5,0,0,$4.37,$21.85,$9.95,$49.75,$53.25,
"3/4"" Knockout Seal",,,7,0,0,$0.24,$1.68,$0.79,$5.53,$5.95,
"3/4"" Pex Couplings 50pk",,,1,0,0,$25.13,$25.13,$40.95,$40.95,$43.82,
"3/4"" Pex Elbows 30pk",,,1,0,0,$21.74,$21.74,$31.74,$31.74,$33.96,
"3/4"" Pex Straight Ball Valve",,,5,0,0,$11.23,$56.15,$13.23,$66.15,$70.80,
"3/4"" Pex Tee's 20pk",,,1,0,0,$18.56,$18.56,$28.56,$28.56,$30.56,
"3/4"" Pex x 3/4"" FPT Adapter",,,12,0,0,$2.90,$34.80,$3.81,$45.72,$48.96,
"3/4"" Pex x 3/4"" MNPT Adapter",,,2,0,0,$2.88,$5.76,$3.81,$7.62,$8.16,
"3/4"" Pex x 3/4"" Press Adapter",,,11,0,0,$7.09,$77.99,$8.09,$88.99,$95.26,
"3/4"" Pinch Clamps 25pk Pex Crimp Rings",,,4,0,0,$15.14,$60.56,$16.45,$65.80,$70.40,
"3/4"" Press 45 Elbow",,,4,0,0,$3.78,$15.12,$5.21,$20.84,$22.28,
"3/4"" Press Coupling 20pk",,,1,0,0,$36.71,$36.71,$59.53,$59.53,$63.70,
"3/4"" Press Tee 5pk",,,2,0,0,$28.36,$56.72,$34.16,$68.32,$73.10,
"3/4"" Press Union",,,8,0,0,$14.52,$116.16,$21.08,$168.64,$180.48,
"3/4"" Press x 1/2"" MPT Reducing Adapter",,,16,0,0,$6.00,$96.00,$7.92,$126.72,$135.52,
"3/4"" Press x 1/2"" Press Reducing Coupling",,,6,0,0,$9.88,$59.28,$10.98,$65.88,$70.50,
"3/4"" Press x 1/2"" Press Reducing Elbow",,,2,0,0,$85.87,$171.74,$95.41,$190.82,$204.18,
"3/4"" Press x 3/4"" FPT Adapter",,,10,0,0,$5.82,$58.20,$6.47,$64.70,$69.20,
"3/4"" Press x 3/4"" MPT Adapter",,,4,0,0,$5.36,$21.44,$6.96,$27.84,$29.80,
"3/4"" ProPress 90s 15pk",,,2,0,0,$44.83,$89.66,$53.52,$107.04,$114.54,
"3/4"" Test Plugs Pex 90pk",,,1,0,0,$36.92,$36.92,$46.92,$46.92,$50.20,
"3/4"" UF Cable Connector",,,3,0,0,$1.87,$5.61,$4.59,$13.77,$14.73,
"3/4x1/2"" Pex Reducing Coupling 5pk",,,2,0,0,$3.31,$6.62,$5.20,$10.40,$11.12,
3/8 NM Cable Connector,,,14,0,0,$0.15,$2.10,$0.79,$11.06,$11.90,
"3/8"" AC/MC CONN",,,8,0,0,$0.34,$2.72,$1.39,$11.12,$11.92,
"3/8"" Clamp Conn 10pk",,,2,0,0,$2.64,$5.28,$6.59,$13.18,$14.10,
"3/8"" Snap Lock Clamp Conn 2pk",,,15,0,0,$1.24,$18.60,$1.59,$23.85,$25.50,
"3/8"" Snap Lock Connector 25pk",,,1,0,0,$14.41,$14.41,$17.99,$17.99,$19.25,
"3/8"" Snap Lock Dup Conn",,,5,0,0,$1.60,$8.00,$2.79,$13.95,$14.95,
"30"" Range Hood White Broan",,,0,0,0,$89.30,$0.00,$114.30,$0.00,$0.00,
"30x80"" Int Hollow Door Slab",,,0,0,0,$94.80,$0.00,$118.99,$0.00,$0.00,
"32x80"" Ext Door Slab 6 Panel",,,0,0,0,$237.86,$0.00,$268.86,$0.00,$0.00,
"32x80"" LH Prehung Hollow Core Door",,,0,0,0,$140.09,$0.00,$159.99,$0.00,$0.00,
36x80 Adjustable Fit Sliding Screen Door,,,0,0,0,$184.00,$0.00,$204.00,$0.00,$0.00,
"36x80"" 6 Panel Primed Bifold Door",,,0,0,0,$95.04,$0.00,$108.00,$0.00,$0.00,
"36x80"" LH Feather River Door",,,0,0,0,$318.70,$0.00,$349.99,$0.00,$0.00,
"36x80"" Prehung Ext Door LH",,,0,0,0,$327.16,$0.00,$357.16,$0.00,$0.00,
"36x80"" RH Feather River Door",,,0,0,0,$318.70,$0.00,$349.99,$0.00,$0.00,
"36x80"" Steel Prehung Door RH",,,0,0,0,$480.36,$0.00,$568.36,$0.00,$0.00,
"36x80"" Storm Door White",,,0,0,0,$233.00,$0.00,$259.00,$0.00,$0.00,
"38.5x72"" Vinyl Mini Blind",,,0,0,0,$47.45,$0.00,$57.45,$0.00,$0.00,
"38.75x72"" Vinyl Mini Blind",,,1,0,0,$47.45,$47.45,$57.45,$57.45,$61.47,
3M Particulate Filters for Respirator 3 Pair,,,3,0,0,$9.89,$29.67,$14.99,$44.97,$48.12,
3M Vinyl Tape Yellow,,,5,0,0,$15.72,$78.60,$19.99,$99.95,$106.95,
4 SQ Exposed Work Cover,,,3,0,0,$1.35,$4.05,$3.99,$11.97,$12.81,
4 Way Toggle Switch 20A White,,,3,0,0,$7.99,$23.97,$13.72,$41.16,$44.04,
409 All Purpose Cleaner 1.4gal,,,1,0,0,$5.72,$5.72,$9.59,$9.59,$10.26,
409 Multi-Surface Spray 32oz,,,5,0,0,$4.78,$23.90,$6.99,$34.95,$37.40,
"45 Elbow 1/2"" Press",,,0,0,0,$2.70,$0.00,$4.59,$0.00,$0.00,
"45 Elbow 1/2"" Press 10pk",,,0,0,0,$27.12,$0.00,$30.99,$0.00,$0.00,
"48"" T8 T12 LED Light Bulb",,,12,0,0,$6.50,$78.00,$9.99,$119.88,$128.28,
4mil Plastic Sheeting Film Gard 3x50',,,2,0,0,$6.30,$12.60,$12.99,$25.98,$25.98,
6/32 Assorted Screw Kit 120pk,,,3,0,0,$16.05,$48.15,$18.89,$56.67,$56.67,
"60"" S Cleat",,,26,0,0,$7.42,$192.92,$9.39,$244.14,$261.30,
"7"" Flush Mount LED Hall Light",,,0,0,0,$23.72,$0.00,$27.72,$0.00,$0.00,
8/32 Assorted Screw Kit 120pk,,,3,0,0,$14.76,$44.28,$17.49,$52.47,$56.13,
"9"" Roller Covers 3/8 Nap 4pk",,,0,0,0,$3.91,$0.00,$7.59,$0.00,$0.00,
"90 Drop Elbow 1/2""",,,12,0,0,$3.27,$39.24,$7.99,$95.88,$102.60,
"90 Drop Elbow 1/2"" Press",,,0,0,0,$8.19,$0.00,$12.99,$0.00,$0.00,
"90 Elbow 1/2"" Copper Sweat 10pk",,,2,0,0,$1.92,$3.84,$6.59,$13.18,$14.10,
"90 Elbow 1/2"" Press 10pk",,,0,0,0,$22.21,$0.00,$25.99,$0.00,$0.00,
"90 Elbow Brass 1/2"" Pex",,,49,0,0,$1.96,$96.04,$7.59,$371.91,$397.88,
"Access Panel 14x14""",,,3,0,0,$16.18,$48.54,$24.99,$74.97,$80.22,
"Access Panel Click Fit 8x8""",,,4,0,0,$8.57,$34.28,$13.68,$54.72,$58.56,
"Accress Panel 14x14""",,,0,0,0,$20.00,$0.00,$24.99,$0.00,$0.00,
Acidic Toilet Bowl Cleaner Zep 128oz,,,3,0,0,$1.00,$3.00,$10.98,$32.94,$35.25,
Acidic Toilet Bowl Cleaner Zep 32oz,,,7,0,0,$4.04,$28.28,$7.99,$55.93,$59.85,
"Adapter 1.2"" Barb x Sweat",,,50,0,0,$1.18,$59.00,$2.59,$129.50,$138.50,
"Adapter 1/2"" Pex x 1/2"" F Sweat 25pk",,,2,0,0,$29.83,$59.66,$41.99,$83.98,$89.86,
"Adapter 1/2"" Pex x 1/2"" MNPT",,,5,0,0,$1.50,$7.50,$3.59,$17.95,$19.20,
"Adapter 1/2"" Press x 1/2"" MIP",,,0,0,0,$2.64,$0.00,$3.99,$0.00,$0.00,
"Adapter 1/2"" Press x 1/2"" MIP 10pk",,,0,0,0,$25.58,$0.00,$28.99,$0.00,$0.00,
"Adapter 1/2"" Press x 3/4"" FPT",,,0,0,0,$5.21,$0.00,$7.21,$0.00,$0.00,
"Adapter 1/2"" Press x 3/4"" MPT 10pk",,,2,0,0,$56.02,$112.04,$63.25,$126.50,$135.36,
"Adapter 1/2"" SharkBite x 1/2"" MNPT",,,5,0,0,$5.48,$27.40,$9.99,$49.95,$53.45,
"Adapter 1/2"" Sweat x 1/2"" F",,,24,0,0,$0.95,$22.80,$1.99,$47.76,$51.12,
"Adapter 1/2"" Sweat x 3/4"" F",,,5,0,0,$2.94,$14.70,$8.59,$42.95,$45.95,
"Adapter 1/2"" Sweat x 3/4"" M",,,4,0,0,$2.50,$10.00,$7.59,$30.36,$32.48,
"Adapter 1/2""Pex x 1/2"" FNPT",,,0,0,0,$1.57,$0.00,$3.59,$0.00,$0.00,
"Adapter Copper 1/2x1/2""",,,0,0,0,$3.49,$0.00,$5.99,$0.00,$0.00,
"Adapter Coupling SharkBite 3/4""",,,2,0,0,$9.42,$18.84,$15.99,$31.98,$34.22,
"Adjustable Screen 18"" H",,,0,0,0,$8.98,$0.00,$11.98,$0.00,$0.00,
Agrisel ImidaPro 2SC,,,1,0,0,$39.00,$39.00,$44.90,$44.90,$48.04,
Alex Plus White Painters Caulk DAP,,,21,0,0,$2.06,$43.26,$3.89,$81.69,$87.36,
Allway Paint and Mud Mixer,,,0,0,0,$5.39,$0.00,$8.59,$0.00,$0.00,
Aloha Bathtub LH Drain 30x60,,,0,0,0,$190.10,$0.00,$228.10,$0.00,$0.00,
Alpine WSG Water Soluble Granule Insecticide 1lb,,,1,0,0,$206.95,$206.95,$224.72,$224.72,$240.45,
"Aluminum Hawk 13""",,,1,0,0,$13.51,$0.00,$19.99,$19.99,$21.39,
Amp Kitchen and Bath Caulk DAP 9oz,,,8,0,0,$7.12,$56.96,$10.89,$87.12,$93.20,
Anchoring Cement Quikrete 10lb,,,9,0,0,$11.31,$101.79,$16.99,$152.91,$163.62,
Anderson Sash Handle White 20pk,,,0,0,0,$54.47,$0.00,$65.98,$0.00,$0.00,
Angle Valve 1/2COMx3/8OD COM,,,2,0,0,$6.19,$12.38,$9.99,$19.98,$21.38,
Angle Valve 10pk 1/2Pressx3/8COMP,,,0,0,0,$68.99,$0.00,$89.99,$0.00,$0.00,
Angle Valve 3/8FIPx3/8OD COM,,,8,0,0,$1.04,$8.32,$12.99,$103.92,$111.20,
"Angle Valve SharkBite 1/2x3/8""OD",,,9,0,0,$6.72,$60.48,$13.99,$125.91,$134.73,
"Angled Paintbrush 2"" Soft Wooster",,,0,0,0,$2.91,$0.00,$7.99,$0.00,$0.00,
Ant & Roach Bait 4pk,,,9,0,0,$6.66,$59.94,$13.99,$125.91,$134.73,
Ant Kill Syringe Combat Max 0.95oz,,,7,0,0,$4.82,$33.74,$6.99,$48.93,$52.36,
Anti Short Bushing #0 35pk,,,8,0,0,$1.06,$8.48,$3.99,$31.92,$34.16,
Anvil Eggbeater Mixer,,,1,0,0,$9.15,$9.15,$13.97,$13.97,$14.95,
Anvil Swivel Pail Ladder Hook,,,9,0,0,$4.15,$37.35,$4.99,$44.91,$48.06,
Appliance Cord 14/3 15',,,4,0,0,$17.99,$71.96,$21.99,$87.96,$94.12,
Appliance Cord 14/3 6',,,8,0,0,$14.99,$119.92,$19.65,$157.20,$168.24,
Asphalt Roof Cement 109 Black 1gal,,,6,0,0,$14.77,$88.62,$24.99,$149.94,$160.44,
Assorted Wood Screw Kit HomePak,,,2,0,0,$2.13,$4.26,$7.99,$15.98,$17.10,
Auto Blade Fuse ATC 3A 2pk,,,2,0,0,$4.60,$9.20,$8.99,$17.98,$19.24,
Avery Round White Key Tag,,,2,0,0,$0.07,$0.14,$0.80,$1.60,$1.72,
Bait Block Rodenticide JT Eaton 64pk,,,1,0,0,$14.47,$14.47,$27.99,$27.99,$29.95,
Baking Soda Arm and Hammer 4lb,,,10,0,0,$4.04,$40.40,$6.59,$65.90,$70.50,
Ball Valve 1/2 Press x 1/2 Press 10pk,,,0,0,0,$73.99,$0.00,$95.97,$0.00,$0.00,
"Ball Valve 1/2""COMx1/2""COM",,,8,0,0,$7.18,$57.44,$19.99,$159.92,$171.12,
"Ball Valve 1/2""Sweatx1/2""Sweat",,,7,0,0,$6.38,$44.66,$17.99,$125.93,$134.75,
"Ball Valve Gas Lever 3/4x3/4"" FIP",,,5,0,0,$12.74,$63.70,$18.88,$94.40,$101.00,
"Ball Valve Lever 1/2x1/2"" FIP",,,4,0,0,$14.14,$56.56,$17.89,$71.56,$76.56,
"Ball Valve Lever ProPress 1/2""",,,3,0,0,$11.91,$35.73,$19.47,$58.41,$62.49,
"Ball Valve Lever ProPress 3/4""",,,8,0,0,$19.51,$156.08,$24.90,$199.20,$213.12,
"Ball Valve SharkBite 1/2x1/2""",,,8,0,0,$20.38,$163.04,$23.65,$189.20,$202.48,
Bar & Chain Oil 1gal Mag1,,,1,0,0,$13.54,$13.54,$27.99,$27.99,$29.95,
"Barb Coupling 3/4"" Brass",,,10,0,0,$1.26,$12.60,$2.79,$27.90,$29.90,
"Barb Elbow 3/4"" Brass",,,10,0,0,$1.62,$16.20,$3.59,$35.90,$38.40,
"Barb Tee 3/4"" Brass",,,10,0,0,$1.98,$19.80,$4.99,$49.90,$53.40,
Barrette Gate Hinges 2pk Black,,,0,0,0,$73.13,$0.00,$88.98,$0.00,$0.00,
"Basket Strainer 3 1/2"" 2pk",,,1,0,0,$11.28,$11.28,$19.99,$19.99,$21.39,
"Basket Strainer Moen 3.5""",,,5,0,0,$10.88,$54.40,$18.99,$94.95,$101.60,
Basket Strainer Power Ball Lock,,,1,0,0,$12.13,$12.13,$22.99,$22.99,$24.60,
Bath Hair Catch and Stop,,,5,0,0,$9.00,$45.00,$15.99,$79.95,$85.55,
Bathroom Faucet Glacier Bay Brushed,,,2,0,0,$26.98,$53.96,$36.98,$73.96,$79.14,
Bathroom Faucet Moen Adler Brushed Nickel,,,4,0,0,$76.77,$307.08,$89.99,$359.96,$385.16,
Bathroom Grime Fight Scrubbing Bubbles 32oz,,,6,0,0,$3.74,$22.44,$5.99,$35.94,$38.46,
Bathroom Grime Fighter Scrubbing Bubbles 20oz,,,3,0,0,$4.50,$13.50,$6.59,$19.77,$21.15,
Bathroom Hardware Set Brushed Adler,,,2,0,0,$44.53,$89.06,$64.99,$129.98,$139.08,
Bathroom Vent Fan Motor Replacement,,,0,0,0,$34.98,$0.00,$39.99,$0.00,$0.00,
"Bathtub LH Ovation Curve 30x60""",,,0,0,0,$396.05,$0.00,$406.05,$0.00,$0.00,
Battery AA 4pk,,,13,0,0,$2.99,$38.87,$5.59,$72.67,$77.74,
Battery AAA 4pk,,,17,0,0,$4.67,$79.39,$7.98,$135.66,$145.18,
Battery Alkaline 9v 1pk,,,31,0,0,$1.80,$55.80,$8.59,$266.29,$284.89,
Best BE-2 Key,,,8,0,0,$0.45,$3.60,$3.98,$31.84,$34.08,
Best BE-8 Key,,,10,0,0,$0.63,$6.30,$3.98,$39.80,$42.60,
Bi Fold Door Hardware Repair Kit Prime Line,,,3,0,0,$8.47,$25.41,$10.95,$32.85,$35.16,
Bi Fold Self Close Hinges Amerock 2pk,,,0,0,0,$12.95,$0.00,$15.95,$0.00,$0.00,
Bifen I/T Insect Killer 16oz,,,3,0,0,$18.09,$54.27,$27.99,$83.97,$89.85,
"Bifold Door Repair Bracket Fit 1 3/8"" Thick Doors",,,6,0,0,$5.69,$34.14,$7.74,$46.44,$49.68,
Bifold Door Repair Kit,,,2,0,0,$4.42,$8.84,$9.59,$19.18,$19.18,
"Bifold Door Surface Mounted Hinge 2 5/16"" Spacing",,,8,0,0,$2.92,$23.36,$5.99,$47.92,$51.28,
Bifold Hardware Set White Everbilt,,,0,0,0,$18.53,$0.00,$21.53,$0.00,$0.00,
BIN Ultimate Stain Blocker Primer 1gal Zinsser,,,0,0,0,$37.67,$0.00,$49.99,$0.00,$0.00,
Black Steel Pipe Nipple Assortment 66pc,,,1,0,0,$55.19,$55.19,$74.99,$74.99,$80.24,
Black Wallplate 1g White,,,27,0,0,$0.25,$6.75,$0.79,$21.33,$22.95,
Blue Painter Tape,,,2,0,0,$5.49,$10.98,$8.89,$17.78,$19.02,
"Blue Pex 1/2"" by the foot",,,100,0,0,$0.50,$50.00,$0.75,$75.00,$80.00,
"Blue Pex 1/2""x10'",,,10,0,0,$3.78,$37.80,$5.12,$51.20,$54.80,
Blue Poly Tarp 8'x10',,,11,0,0,$4.25,$46.75,$19.99,$219.89,$235.29,
Bona Hard Wood Floor Cleaner 160oz,,,3,0,0,$15.09,$45.27,$27.99,$83.97,$89.85,
Bondo Body Filler,,,0,0,0,$12.63,$0.00,$19.99,$0.00,$0.00,
Bondo Original Body Filler,,,2,0,0,$15.17,$30.34,$19.99,$39.98,$42.78,
Bosch Bulldog Rotary Drill,,,0,0,0,$219.00,$0.00,$239.00,$0.00,$0.00,
"Box 4x2"" 2-1/8""D 1/2""KO",,,10,0,0,$0.99,$9.90,$4.59,$45.90,$49.10,
Box Ceiling Round 18 CU IN,,,5,0,0,$3.27,$16.35,$5.59,$27.95,$29.90,
"Box Double Gang PVC OW 25CU""",,,4,0,0,$3.46,$13.84,$6.59,$26.36,$28.20,
"Box Fan 20"" Lasko",,,2,0,0,$25.86,$51.72,$31.99,$63.98,$68.46,
"Box Handy 1-7/8""D 1/2""KO",,,0,0,0,$1.64,$0.00,$2.99,$0.00,$0.00,
"Box Oct 3-1/2"" 1/2""KO",,,10,0,0,$2.83,$28.30,$4.99,$49.90,$53.40,
"Box Octagon 4"" 2-1/8""D",,,0,0,0,$3.05,$0.00,$6.59,$0.00,$0.00,
Box Old Work 20 CU IN,,,15,0,0,$0.47,$7.05,$2.49,$37.35,$39.90,
"Box Single Gang PVC OW 14CU""",,,9,0,0,$1.42,$12.78,$2.79,$25.11,$26.91,
"Box SQ 2-1/8""D 1/2-3/4""KO",,,0,0,0,$2.29,$0.00,$4.99,$0.00,$0.00,
"Box Steel SQ 4-11/16""",,,6,0,0,$4.68,$28.08,$8.59,$51.54,$55.14,
"Box Switch 2-1/8"" 2 Gang",,,5,0,0,$6.43,$32.15,$9.99,$49.95,$53.45,
Box Switch PVC Old Work Single,,,9,0,0,$1.33,$11.97,$3.59,$32.31,$34.56,
"Brad Nails 18G 1 1/2"" 1,000pc",,,4,0,0,$2.51,$10.04,$8.88,$35.52,$38.00,
"Brad Nails 18G 2"" 1,000pc",,,3,0,0,$7.79,$23.37,$12.99,$38.97,$41.70,
"Brad Nails 18G 5/8"" 1,000pc",,,4,0,0,$2.86,$11.44,$6.59,$26.36,$28.20,
"Brass Sillcock Valve 1/2"" FIP x 3/4"" MHT",,,1,0,0,$9.76,$9.76,$15.99,$15.99,$17.11,
"Breaker GE THQL 1P 15A 1""",,,4,0,0,$6.49,$25.96,$9.49,$37.96,$40.60,
"Breaker GE THQL 1P 20A 1""",,,5,0,0,$6.29,$31.45,$12.49,$62.45,$66.80,
"Breaker GE THQL 2P 30A 2""",,,1,0,0,$13.94,$13.94,$18.98,$18.98,$20.31,
"Breaker GE THQP 1P 15A 1/2""",,,3,0,0,$7.10,$21.30,$10.47,$31.41,$33.60,
"Breaker GE THQP 1P 20A 1/2""",,,2,0,0,$5.73,$11.46,$9.59,$19.18,$20.52,
"Breaker GE THQP 2P 30A 1""",,,2,0,0,$13.34,$26.68,$17.99,$35.98,$38.50,
"Breaker Siemens 1P 15A 1""",,,1,0,0,$5.13,$5.13,$7.99,$7.99,$8.55,
"Breaker Siemens 1P 20A 1""",,,2,0,0,$7.17,$14.34,$10.12,$20.24,$21.66,
Breaker Siemens 2P 30A,,,1,0,0,$18.32,$18.32,$27.99,$27.99,$29.95,
"Breaker Siemens 2P 30A 2""",,,3,0,0,$11.60,$34.80,$16.99,$50.97,$54.54,
"Breaker SQ D HOM 1P 15A 1""",,,6,0,0,$6.28,$37.68,$9.59,$57.54,$61.56,
"Breaker SQ D HOM 1P 20A 1""",,,3,0,0,$6.49,$19.47,$9.59,$28.77,$30.78,
"Breaker SQ D HOM 2P 30A 2""",,,3,0,0,$15.72,$47.16,$21.73,$65.19,$69.75,
Breaker UBIF230N 2P 30A CB,,,0,0,0,$60.91,$0.00,$74.91,$0.00,$0.00,
Brillo Steel Wool Soap Pads 10ct,,,2,0,0,$2.92,$5.84,$4.99,$9.98,$10.68,
Broan Exhaust Fan 50cfm,,,0,0,0,$19.95,$0.00,$29.99,$0.00,$0.00,
Broom Stiff Bulldozer,,,3,0,0,$7.08,$21.24,$12.99,$38.97,$41.70,
Broom with Pan Libman,,,4,0,0,$11.23,$44.92,$14.99,$59.96,$64.16,
"Brush Angle 2"" Linzer",,,0,0,0,$1.66,$0.00,$9.99,$0.00,$0.00,
"Brush Flat 2"" Basic",,,17,0,0,$0.99,$16.83,$5.99,$101.83,$108.97,
"Builder Paper Ram Board 36""x50'",,,5,0,0,$22.07,$110.35,$32.99,$164.95,$176.50,
"Bungee Cord 24""",,,10,0,0,$1.78,$17.80,$2.99,$29.90,$32.00,
"Cabinet Screws #8x2"" 100pk",,,3,0,0,$8.65,$25.95,$18.99,$56.97,$60.96,
"Cabinet Screws #8x2.5"" 100pk",,,3,0,0,$10.03,$30.09,$19.99,$59.97,$64.17,
"Cable Ties 18"" White 10pk",,,2,0,0,$1.56,$3.12,$6.99,$13.98,$14.96,
"Cable Zip Ties 11"" 20pk",,,20,0,0,$1.99,$39.80,$4.29,$85.80,$91.80,
Candelabra White LED Bulbs B10 E12,,,6,0,0,$10.65,$63.90,$14.79,$88.74,$94.98,
Carpenter Pencil Black,,,23,0,0,$0.21,$4.83,$1.39,$31.97,$34.27,
Carpenter Pencil Red,,,44,0,0,$0.29,$12.76,$1.79,$78.76,$84.48,
Carpet Oder Elim ES Arm and Hammer 30oz,,,7,0,0,$2.43,$17.01,$3.59,$25.13,$26.88,
"Carpet Trim 1 3/8x36"" Pewter",,,10,0,0,$4.01,$40.10,$12.99,$129.90,$139.00,
Caulk Gun 10oz,,,5,0,0,$5.08,$20.32,$9.99,$49.95,$53.45,
"Ceiling Fan 3LT 42"" Hunter",,,0,0,0,$113.32,$0.00,$139.99,$0.00,$0.00,
"Ceiling Fan 42"" Brushed Middleton",,,4,0,0,$39.58,$39.58,$64.99,$259.96,$259.96,
"Ceiling Fan 52"" Brushed Glendale",,,4,0,0,$64.87,$259.48,$98.97,$395.88,$395.88,
"Ceiling Fan Box 1-1/2""D",,,2,0,0,$12.72,$25.44,$23.99,$47.98,$51.34,
"Ceiling Fan Box 2-1/8""D",,,3,0,0,$17.01,$51.03,$25.99,$77.97,$83.43,
"Ceiling Fan Brushed Nickel 52"" Hampton Bay",,,0,0,0,$139.51,$0.00,$198.99,$0.00,$0.00,
Ceiling Fan LED Brushed Nickel Hampton Bay,,,0,0,0,$90.00,$0.00,$108.99,$0.00,$0.00,
"Ceiling Fan Orb 42"" LED Westinghouse",,,0,0,0,$80.79,$0.00,$109.99,$0.00,$0.00,
"Ceiling Fan White 42"" Hunter",,,0,0,0,$105.22,$0.00,$129.99,$0.00,$0.00,
Ceiling Paint & Primer Color Changing,,,0,0,0,$22.95,$0.00,$31.99,$0.00,$0.00,
Ceiling Tile 1x1,,,13,0,0,$1.14,$14.82,$2.79,$36.27,$38.87,
Ceiling Tile 2x4' Singles,,,12,0,0,$6.04,$72.48,$7.79,$93.48,$100.08,
Ceiling Tile 2x4' White PVC,,,0,0,0,$96.54,$0.00,$106.54,$0.00,$0.00,
Ceiling Tile Raised 2x2' 6pk,,,0,0,0,$73.50,$0.00,$83.50,$0.00,$0.00,
Cement Board Screws #9 575pk,,,6,0,0,$22.07,$132.42,$37.99,$227.94,$243.90,
Chain Door Guard White,,,2,0,0,$2.36,$4.72,$6.99,$13.98,$14.96,
"Chainsaw Chain Milwaukee 8"" Pruning Saw",,,3,0,0,$18.45,$55.35,$24.99,$74.97,$80.22,
Channel Lock Set 2pc,,,0,0,0,$31.12,$0.00,$34.99,$0.00,$0.00,
"Check Valve 1/2"" SharkBite",,,0,0,0,$12.35,$0.00,$19.99,$0.00,$0.00,
Chime Wireless Plugin White,,,2,0,0,$16.75,$33.50,$27.99,$55.98,$59.90,
"Chip Brush 2""",,,21,0,0,$0.26,$5.46,$1.99,$41.79,$44.73,
"Chip Brush 4""",,,4,0,0,$1.09,$4.36,$4.59,$18.36,$19.64,
Chrome Plated Floor and Ceiling Cover,,,6,0,0,$1.99,$11.94,$4.59,$27.54,$29.46,
Circuit Breaker ID Labels,,,5,0,0,$2.42,$12.10,$5.99,$29.95,$32.05,
Clicker Drain with Overflow Brushed,,,5,0,0,$14.73,$73.65,$19.99,$99.95,$99.95,
Clorox Bleach 121oz,,,0,0,0,$8.23,$0.00,$9.99,$0.00,$0.00,
Clorox Bleach Cleaner 81oz,,,3,0,0,$6.55,$19.65,$8.39,$25.17,$26.94,
Clorox Cleaner + Bleach 32oz,,,2,0,0,$4.90,$9.80,$6.99,$13.98,$14.96,
Closet Pole Sockets 2pk,,,5,0,0,$6.73,$33.65,$9.98,$49.90,$53.40,
"Closet Rod 30-48"" Platinum",,,4,0,0,$4.91,$19.64,$12.99,$51.96,$55.60,
"Closet Rod 30-48"" White",,,1,0,0,$8.39,$8.39,$14.59,$14.59,$15.61,
"Closet Rod 48-72"" Platinum",,,2,0,0,$6.75,$13.50,$19.99,$39.98,$42.78,
"Closet Rod 48-72"" White",,,1,0,0,$11.61,$11.61,$18.99,$18.99,$20.32,
"Closet Rod 72-120"" Platinum",,,1,0,0,$10.64,$10.64,$25.99,$25.99,$27.81,
CLR Brilliant Bath 26oz,,,2,0,0,$4.62,$9.24,$7.59,$15.18,$16.24,
CO Alarm Battery Operated,,,23,0,0,$16.53,$380.19,$27.97,$643.31,$688.39,
Combo Cable Lock 4 Digit 6',,,1,0,0,$9.53,$9.53,$18.99,$18.99,$20.32,
Commercial Mortice Dead Lock,,,1,0,0,$0.00,$0.00,$99.99,$99.99,$106.99,
Concrete Bonding Adhesive 1qt,,,5,0,0,$6.80,$34.00,$12.99,$64.95,$69.50,
Concrete Patch Compound Gray 1qt,,,3,0,0,$7.31,$21.93,$12.99,$38.97,$41.70,
Condensate Pump VCMA-15,,,3,0,0,$44.83,$134.49,$59.99,$179.97,$192.57,
"Construction Screws #9x2.5"" 1lb",,,6,0,0,$5.09,$30.54,$10.09,$60.54,$64.80,
Contactor 1Pole 25 FLA 35A RES,,,0,0,0,$32.88,$0.00,$39.99,$0.00,$0.00,
Contractor Bags 55gal 15pk,,,3,0,0,$14.00,$28.00,$21.99,$65.97,$70.59,
"Contractor Shims 12"" 42pk",,,8,0,0,$6.26,$50.08,$8.99,$71.92,$76.96,
Cook Top Scrub Pads 3pk,,,1,0,0,$2.36,$2.36,$4.99,$4.99,$5.34,
"Copper Crimp Rings 3/4"" 25pk",,,6,0,0,$5.20,$31.20,$10.99,$65.94,$70.56,
"Copper Pipe Type M 1/2""x10'",,,5,0,0,$20.40,$102.00,$26.64,$133.20,$142.50,
"Copper Pipe Type M 3/4""x10'",,,8,0,0,$29.12,$232.96,$37.12,$296.96,$317.76,
"Copper Stub Out 90 Degree 8""x1/2"" Pex",,,15,0,0,$5.76,$86.40,$8.77,$131.55,$140.70,
"Cordless Fauxwood Blind 84x60""",,,0,0,0,$32.37,$0.00,$64.37,$0.00,$0.00,
"Corner Brace 2.5x5/8"" 4pk",,,0,0,0,$5.43,$0.00,$12.99,$0.00,$0.00,
"Corner Brace 2x1.5""",,,0,0,0,$2.73,$0.00,$8.59,$0.00,$0.00,
"Corner Braces 1.5x5/8"" 4pk",,,0,0,0,$4.00,$0.00,$7.59,$0.00,$0.00,
"Coupling 1/2"" Press 10pk",,,0,0,0,$19.76,$0.00,$23.99,$0.00,$0.00,
"Coupling Copper 1/2"" Sweat",,,16,0,0,$0.22,$3.52,$0.99,$15.84,$16.96,
"Cover Blank 4"" SQ 1/2""KO",,,1,0,0,$0.41,$0.41,$0.99,$0.99,$1.06,
"Cover Box 4-11/16"" 1/2""KO",,,7,0,0,$1.64,$11.48,$2.39,$16.73,$17.92,
"Cover Box Round 1/2""KO",,,0,0,0,$0.69,$0.00,$1.39,$0.00,$0.00,
"Cover Box Round 3-1/2"" FLT",,,8,0,0,$0.70,$5.60,$1.39,$11.12,$11.92,
Cover Box Single Blank,,,13,0,0,$0.63,$8.19,$1.59,$20.67,$22.10,
Cover Box Toggle Switch,,,14,0,0,$0.61,$8.54,$1.79,$25.06,$26.88,
"Cover Outlet 2 GFCIs 4""",,,9,0,0,$1.78,$16.02,$5.99,$53.91,$57.69,
"Cover Outlet GFCI 4""",,,1,0,0,$2.33,$2.33,$4.89,$4.89,$5.23,
Cover SQ Box 2 Toggle Switch,,,3,0,0,$1.80,$5.40,$4.59,$13.77,$14.73,
Cover SQ Box 2Duplex Recept,,,2,0,0,$1.65,$3.30,$3.99,$7.98,$8.54,
Cover Stain Primer 1gal Zinser,,,0,0,0,$32.35,$0.00,$39.99,$0.00,$0.00,
Curcuit Breaker Tester,,,0,0,0,$42.86,$0.00,$54.99,$0.00,$0.00,
"Cutt off Wheel Diamond Rim 3""",,,0,0,0,$15.97,$0.00,$18.97,$0.00,$0.00,
D Batteries HDX 12pk,,,0,0,0,$14.87,$0.00,$19.99,$0.00,$0.00,
DAP Plastic Wood Filler 4oz,,,2,0,0,$6.90,$13.80,$8.89,$17.78,$19.02,
Dawn Powerwash Spray 16oz,,,9,0,0,$4.78,$43.02,$8.59,$77.31,$82.71,
Dawn Ultra Dish Soap 18oz,,,5,0,0,$3.47,$17.35,$5.89,$29.45,$31.50,
d-Con No Touch Mouse Trap 2pk,,,8,0,0,$3.85,$30.80,$7.59,$60.72,$64.96,
"Deck Screws #10x4"" 1lb",,,5,0,0,$7.14,$35.70,$10.97,$54.85,$58.70,
Dehumidifier 4.8 Pint with Pump,,,6,0,0,$265.72,"$1,594.32",$309.99,"$1,859.94","$1,990.14",
Deluxe Silver Framed Sliding Shower Door,,,0,0,0,$388.46,$0.00,$438.46,$0.00,$0.00,
Denatured Alcohol 1qt,,,5,0,0,$3.32,$16.60,$10.99,$54.95,$58.80,
Detail Sanding Pad and Variety Set,,,1,0,0,$11.88,$11.88,$16.99,$16.99,$18.18,
Detector Combo Pack Smoke/CO Battery,,,0,0,0,$29.91,$0.00,$44.99,$0.00,$0.00,
"Dewalt Metal Cut-Off Wheel 4 1/2"" 5pk",,,75,0,0,$5.00,$375.00,$6.99,$524.25,$524.25,
DeWalt Palm Sander Cordless,,,0,0,0,$94.00,$0.00,$104.00,$0.00,$0.00,
D-Fense Dust Insecticide,,,2,0,0,$15.05,$30.10,$19.98,$39.96,$42.76,
"Diablo Saw Blade General Purpose 10""",,,1,0,0,$25.99,$25.99,$38.99,$38.99,$41.72,
Digital Keypad Ext Entry Black Honeywell,,,3,0,0,$88.33,$264.99,$93.33,$279.99,$299.58,
Dimple Board 4x50',,,0,0,0,$112.38,$0.00,$129.99,$0.00,$0.00,
Dipped Gloves Black XXL,,,5,0,0,$5.47,$27.35,$12.99,$64.95,$69.50,
Dishwasher Assembly Clips Universal,,,0,0,0,$20.98,$0.00,$24.98,$0.00,$0.00,
"Dishwasher Connector 1/2""FIP 3/8""COMP 60""",,,0,0,0,$13.47,$0.00,$19.99,$0.00,$0.00,
"Dishwasher Connector 60"" 3/8"" COMP 3/8"" COMP",,,7,0,0,$11.13,$77.91,$24.99,$174.93,$187.18,
"Dishwasher Connector w/ Adapters 60""",,,3,0,0,$11.39,$34.17,$22.99,$68.97,$73.80,
"Dishwasher Elbow 3/8"" OD x 3/4"" GHT",,,3,0,0,$5.18,$15.54,$7.99,$23.97,$25.65,
"Dishwasher Tailpiece 1 1/2""",,,1,0,0,$2.42,$2.42,$6.99,$6.99,$7.48,
Disinfectant Wipes Clorox 35ct,,,1,0,0,$3.10,$3.10,$4.59,$4.59,$4.91,
Dog Odor Off Concentrate,,,3,0,0,$22.46,$67.38,$29.99,$89.97,$96.27,
Door Chime Kit Plug in White,,,2,0,0,$11.36,$22.72,$15.99,$31.98,$34.22,
Door Chime Wireless Kit White,,,2,0,0,$16.60,$33.20,$32.99,$65.98,$70.60,
Door Closer Heavy Duty White,,,4,0,0,$14.99,$59.96,$29.99,$119.96,$128.36,
"Door Guard Double Hole 5 1/2"" Stainless",,,3,0,0,$15.54,$46.62,$29.99,$89.97,$96.27,
Door Hinge Routing Template,,,2,0,0,$30.66,$61.32,$35.99,$71.98,$77.02,
Door Hinge Satin Nickel 3pk,,,3,0,0,$8.17,$24.51,$11.89,$35.67,$38.16,
Door Jamb Weatherstrip Set White,,,4,0,0,$28.67,$114.68,$39.45,$157.80,$168.84,
Door Lock Install Kit,,,3,0,0,$22.31,$66.93,$35.99,$107.97,$115.53,
"Door Seal White Vinyl-Clad 81""",,,3,0,0,$5.32,$15.96,$7.57,$22.71,$24.30,
"Door Stop Spring White 3""f",,,6,0,0,$1.86,$11.16,$5.99,$35.94,$38.46,
"Door Sweep Brush 36""",,,11,0,0,$10.07,$110.77,$18.99,$208.89,$223.52,
"Door Sweep Commercial 36""",,,5,0,0,$9.41,$47.05,$19.99,$99.95,$106.95,
Doorbell Kit Wireless White,,,3,0,0,$20.98,$62.94,$30.98,$92.94,$99.45,
Double Hung Window 50 Series Buck,,,0,0,0,$292.12,$0.00,$342.12,$0.00,$0.00,
Drain Cleaner Acid ROTO32,,,4,0,0,$5.63,$22.52,$9.99,$39.96,$42.76,
"Drain Clog Remover 20""",,,12,0,0,$1.32,$15.84,$2.39,$28.68,$30.72,
Drain Weasel Hair Clog Kit,,,0,0,0,$4.66,$0.00,$9.59,$0.00,$0.00,
"Drill Bit SDS+ 1/2x12""",,,2,0,0,$8.69,$17.38,$22.99,$45.98,$49.20,
"Drill Bit SDS+ 1/4x6""",,,2,0,0,$2.87,$5.74,$9.99,$19.98,$21.38,
"Drill Bit SDS+ 3/16x6""",,,14,0,0,$4.64,$64.96,$9.59,$134.26,$143.64,
"Drill Bit SDS+ 3/8x8""",,,10,0,0,$3.24,$32.40,$16.55,$165.50,$177.10,
"Drill Bit SDS+ 5/16x6""",,,4,0,0,$4.75,$19.00,$11.99,$47.96,$51.32,
Drill Bits Glass and Tile 4pk,,,1,0,0,$10.99,$10.99,$21.99,$21.99,$23.53,
Driver Bit P2/T25 Milwaukee,,,5,0,0,$1.29,$6.45,$3.59,$17.95,$19.20,
Driver Bit Set 9pc Milwaukee,,,0,0,0,$3.51,$0.00,$11.99,$0.00,$0.00,
Driver Guide Set 3pc Milwaukee,,,0,0,0,$10.65,$0.00,$24.99,$0.00,$0.00,
"Drop Ear Elbow 1/2"" Pex x 1/2""FNPT",,,0,0,0,$3.16,$0.00,$9.59,$0.00,$0.00,
"Drop Ear Elbow 1/2""SharkBite x 1/2"" FNPT",,,1,0,0,$6.09,$6.09,$9.99,$9.99,$10.69,
Dropcloth 9x12 0.7mil,,,15,0,0,$0.95,$14.25,$6.59,$98.85,$105.75,
Dropcloth 9x12 2mil,,,1,0,0,$4.21,-$4.21,$8.99,$8.99,$9.62,
Dropcloth Smart Grip 4x10,,,0,0,0,$4.92,$0.00,$7.99,$0.00,$0.00,
Dryer Cord 6ft 30A 4 Prong,,,2,0,0,$22.38,$44.76,$28.98,$57.96,$62.02,
"Dryer Vent Hood 4"" White",,,5,0,0,$10.41,$52.05,$14.99,$74.95,$80.20,
Dryer Vent Kit White 8',,,0,0,0,$17.48,$0.00,$27.99,$0.00,$0.00,
Drylok Extreme White 1gal,,,6,0,0,$32.78,$196.68,$41.99,$251.94,$269.58,
Drylok Extreme White 5gal,,,1,0,0,$164.19,$164.19,$209.99,$209.99,$224.69,
Drylok Fast Plug Hydraulic Cement 4lb,,,6,0,0,$7.78,$46.68,$12.89,$77.34,$82.74,
Drywall Anchors #6 Nylon 10pk,,,3,0,0,$4.95,$14.85,$11.99,$35.97,$38.49,
Drywall Anchors Metal Self Drilling 10pk,,,4,0,0,$4.62,$18.48,$9.99,$39.96,$42.76,
Drywall Drive Anchors 10pk,,,2,0,0,$6.61,$13.22,$14.99,$29.98,$32.08,
Drywall Pan,,,9,0,0,$3.30,$26.40,$8.59,$77.31,$82.71,
Drywall Primer 1gal,,,9,0,0,$21.45,$193.05,$27.99,$251.91,$269.55,
"Drywall Screws Coarse #6x1 5/8"" 1lb",,,14,0,0,$1.90,$26.60,$9.59,$134.26,$143.64,
"Drywall Screws Coarse #6x2"" 1lb",,,11,0,0,$4.44,$48.84,$7.19,$79.09,$84.59,
Drywall Sheet 2x2',,,5,0,0,$6.98,$34.90,$8.99,$44.95,$48.10,
"Dual Check Backflow Preventer 3/4""",,,10,0,0,$34.94,$349.40,$42.94,$429.40,$459.50,
"Duct Aluminum Semi Rigid 4""x8'",,,3,0,0,$12.80,$38.40,$18.97,$56.91,$60.90,
"Duct Pipe Connector 4""",,,8,0,0,$6.00,$48.00,$7.39,$59.12,$63.28,
Duct Seal Bar 16oz,,,6,0,0,$1.64,$9.84,$4.99,$29.94,$32.04,
Duct Tape Black Gorilla,,,2,0,0,$7.99,$15.98,$12.69,$25.38,$27.16,
Duct Tape T-Rex,,,0,0,0,$10.89,$0.00,$17.99,$0.00,$0.00,
DuoPower Contractor Stength Anchors 78pk,,,3,0,0,$21.32,$63.96,$26.79,$80.37,$86.01,
Duplex Outlet 15A-125V,,,20,0,0,$1.14,$22.80,$1.49,$29.80,$31.80,
DuraFlex ZC 1qt,,,1,0,0,$54.84,$54.84,$68.99,$68.99,$68.99,
"Dust Broom Libman 36""",,,2,0,0,$49.97,$99.94,$59.97,$119.94,$128.34,
Dust Pan Wide Mouth Black,,,4,0,0,$6.69,$26.76,$9.59,$38.36,$41.04,
Ear Plugs Corded 3M,,,1,0,0,$1.55,$1.55,$4.99,$4.99,$5.34,
Ear Plugs Corded Milwaukee 3pk,,,6,0,0,$2.23,$13.38,$6.59,$39.54,$42.30,
Ear Plugs Disposable 3M 8 Pair,,,3,0,0,$2.22,$6.66,$4.99,$14.97,$16.02,
Easy Heat Application Tape,,,3,0,0,$5.18,$15.54,$9.99,$29.97,$32.07,
Easy Off Oven Cleaner 14.5oz,,,5,0,0,$1.00,$5.00,$5.79,$28.95,$31.00,
Easy Sand 20 Sheetrock,,,14,0,0,$9.06,$126.84,$16.99,$237.86,$254.52,
Easy Sand 45 Sheetrock,,,5,0,0,$11.83,$59.15,$14.85,$74.25,$79.45,
Easy Sand 5 Sheetrock,,,17,0,0,$3.61,$57.76,$8.99,$152.83,$163.54,
Easy Wring Mop Refill Head 2pk,,,4,0,0,$15.18,$60.72,$19.97,$79.88,$85.48,
Easy Wring Spin Mop Kit O-Cedar,,,0,0,0,$27.75,$0.00,$37.99,$0.00,$0.00,
Ecos Laundry Free and Clear 100oz,,,5,0,0,$11.36,$56.80,$17.99,$89.95,$96.25,
Elastic-Top Strainers 1gal 2pk,,,11,0,0,$1.40,$15.40,$4.59,$50.49,$54.01,
Elastic-Top Strainers 5gal 2pk,,,11,0,0,$0.85,$9.35,$3.59,$39.49,$42.24,
"Elbow 4"" Adjustable Aluminum",,,3,0,0,$6.39,$19.17,$7.39,$22.17,$23.73,
"Elbow Galvanized 26GA 3""",,,9,0,0,$4.58,$41.22,$6.99,$62.91,$67.32,
"Electric Radiant Heater 1,500W",,,20,0,0,$51.98,"$1,039.60",$74.97,"$1,499.40","$1,604.40",
Electric Range Knob Kit Black 4pk,,,2,0,0,$12.41,$24.82,$23.99,$47.98,$51.34,
Electric Utility Heater Perfect Aire 1500W,,,0,0,0,$22.53,$0.00,$34.99,$0.00,$0.00,
"Electrical Box Galv Steel 4""",,,10,0,0,$2.43,$24.30,$4.35,$43.50,$46.50,
Electrical Tape Scotch,,,8,0,0,$3.93,$31.44,$6.72,$53.76,$57.52,
Epoxy Clear 5 Min Gorilla,,,7,0,0,$1.50,$10.50,$6.49,$45.43,$48.58,
"Everbilt Quarter Master 1/2"" MPT Brass Hose Bib",,,7,0,0,$9.17,$64.19,$11.89,$83.23,$89.04,
Evertech Pro Flat Igniter Universal,,,0,0,0,$19.99,$0.00,$35.99,$0.00,$0.00,
Exhaust Fan 100 CFM Delta,,,2,0,0,$67.84,$135.68,$99.99,$199.98,$213.98,
Exhaust Fan 110 CFM w/ Light Broan,,,3,0,0,$50.00,$150.00,$99.99,$299.97,$320.97,
Exhaust Fan 70 CFM Broan,,,0,0,0,$26.32,$0.00,$44.99,$0.00,$0.00,
Exhaust Fan with Light 60 CFM Broan,,,0,0,0,$56.44,-$56.44,$79.99,$0.00,$0.00,
"Ext Ring SQ Electrical Box 4x1.5""",,,0,0,0,$4.98,$0.00,$5.98,$0.00,$0.00,
"Ext Screws #10x1.25"" 1lb",,,2,0,0,$7.50,$15.00,$16.46,$32.92,$35.22,
"Ext Screws 3"" 1lb",,,1,0,0,$7.74,$7.74,$16.99,$16.99,$18.18,
"Ext Screws 3.5"" 1lb",,,3,0,0,$7.74,$23.22,$16.99,$50.97,$54.54,
"Ext Wood Screws #10x2.5"" 25 lb",,,0,0,0,$62.11,$0.00,$109.99,$0.00,$0.00,
"Ext Wood Screws #10x3"" 25lb",,,1,0,0,$58.88,$58.88,$109.99,$109.99,$109.99,
Extension Cord 14g 25',,,5,0,0,$27.18,$135.90,$34.98,$174.90,$187.15,
Extension Cord Patriotic 12/3 25',,,0,0,0,$23.76,$0.00,$34.99,$0.00,$0.00,
"Extension Tube 1 1/2x12""",,,2,0,0,$3.89,$7.78,$7.99,$15.98,$15.98,
"Extension Tube 1-1/4x12""",,,2,0,0,$3.98,$7.96,$7.59,$15.18,$16.24,
"E-Z Base 4x4"" Post Base Simpson",,,1,0,0,$16.54,$16.54,$36.99,$36.99,$39.58,
Fabuloso Multi Purpose Cleaner 56oz,,,0,0,0,$5.00,$0.00,$9.99,$0.00,$0.00,
Fabuloso Multi Purpose Cleaner Lavender 169oz,,,16,0,0,$1.00,$16.00,$28.99,$463.84,$496.32,
Faucet and Sink Installer Tool,,,3,0,0,$18.27,$54.81,$25.89,$77.67,$83.10,
"Faucet Hole Cover 1 3/4"" Brushed Nickel",,,5,0,0,$5.08,$25.40,$9.59,$47.95,$51.30,
"Faucet Shank Nut 1/2"" IPS",,,8,0,0,$0.31,$2.48,$1.59,$12.72,$13.60,
"Fender Washers 1-1/4"" 6pk",,,2,0,0,$1.02,$2.04,$2.79,$5.58,$5.98,
"Fernco 1-1/2 x 1-1/4"" Coupling",,,3,0,0,$6.55,$19.65,$9.36,$28.08,$30.06,
"Fernco 2 x 1-1/2"" Coupling",,,0,0,0,$5.05,$0.00,$8.35,$0.00,$0.00,
"Fernco 3"" PVC to Cast Hub Donut",,,5,0,0,$9.25,$46.25,$15.89,$79.45,$85.00,
"Festool 5"" Sandpaper 120 Grit Singles",,,112,0,0,$0.71,$79.52,$0.93,$104.16,$112.00,
"Filter 20x25x4"" AprilAire 2pk",,,1,0,0,$99.90,$99.90,$119.99,$119.99,$128.39,
"Finish Nails 16G 1 3/4"" 1,000pc",,,2,0,0,$11.27,$22.54,$18.99,$37.98,$40.64,
"Finish Nails 16G 2"" 2,500pc",,,3,0,0,$10.02,$30.06,$19.99,$59.97,$64.17,
Fire Ext Kitchen 10 Kidde,,,1,0,0,$18.85,$18.85,$26.87,$26.87,$28.75,
Fire Ext Pro 5,,,6,0,0,$42.04,$252.24,$59.99,$359.94,$385.14,
Fireblock Foam Great Stuff 12oz,,,7,0,0,$9.31,$65.17,$14.99,$104.93,$112.28,
Firm Grip Utility Gloves 2XL,,,0,0,0,$10.78,$0.00,$14.99,$0.00,$0.00,
First Aide Kit 272 Pieces,,,0,0,0,$32.09,$0.00,$54.99,$0.00,$0.00,
Flange Fixer Repair Kit Hydroseat,,,1,0,0,$12.77,$12.77,$23.99,$23.99,$25.67,
Flange Replacement Ring Steel,,,4,0,0,$4.02,$16.08,$5.96,$23.84,$25.52,
Flange Ring Steel Red,,,1,0,0,$3.91,$3.91,$8.59,$8.59,$9.19,
Flapper Chain,,,8,0,0,$1.26,$10.08,$2.99,$23.92,$25.60,
"Flat Washer 3/16"" 30pk",,,2,0,0,$0.89,$1.78,$2.79,$5.58,$5.98,
Flat Washers #8 30pk,,,4,0,0,$0.89,$3.56,$2.79,$11.16,$11.96,
"Flaxmere 12"" Flush Mount Hampton Bay",,,4,0,0,$11.60,$46.40,$24.20,$96.80,$103.56,
"Flex Coupling 1 1/2""",,,0,0,0,$4.43,$0.00,$9.97,$0.00,$0.00,
"Flex Coupling 1 1/4""",,,1,0,0,$2.46,$2.46,$8.99,$8.99,$9.62,
"Flex Coupling 2""",,,0,0,0,$2.51,$0.00,$8.59,$0.00,$0.00,
Floor Register 4x10,,,0,0,0,$12.19,$0.00,$14.99,$0.00,$0.00,
Floor Register 6x10,,,0,0,0,$14.54,$0.00,$17.99,$0.00,$0.00,
"Flue Tape High Temp 1.5""x15'",,,0,0,0,$6.34,$0.00,$11.99,$0.00,$0.00,
Flush Handle Universal White,,,13,0,0,$8.52,$110.76,$11.98,$155.74,$166.66,
"Flush Mount 7.5"" Light Fixture",,,0,0,0,$22.18,$0.00,$22.85,$0.00,$0.00,
Flush Mount Light 13 inch Single,,,17,0,0,$5.66,$96.22,$15.99,$271.83,$290.87,
Flush Valve Replacement,,,2,0,0,$6.88,$13.76,$16.99,$33.98,$36.36,
Flush Valve Seal Kohler Class 5&6,,,3,0,0,$6.13,$18.39,$7.99,$23.97,$25.65,
Fogging Deodorizer OdoBan 1gal,,,1,0,0,$23.39,$23.39,$28.99,$28.99,$31.02,
"Foil Tape 1.89""x50.3yds",,,3,0,0,$8.82,$26.46,$12.69,$38.07,$40.74,
"Framing Nails Offset Head 3"" 1,000pc",,,1,0,0,$20.89,$20.89,$37.99,$37.99,$40.65,
"Freca Vista 48"" Wall Mount Vanity",,,0,0,0,$523.76,$0.00,$550.00,$0.00,$0.00,
Fridge n Freezer Baking Soda 14oz,,,5,0,0,$1.23,$6.15,$1.59,$7.95,$7.95,
Frog Tape,,,4,0,0,$6.82,$27.28,$8.79,$35.16,$37.64,
Fuel Mix 50:1 110oz Trufuel,,,4,0,0,$18.50,$74.00,$26.99,$107.96,$115.52,
Furnace Cement Black 8oz,,,3,0,0,$5.85,$17.55,$7.39,$22.17,$23.73,
"Furnace Filter 14x20x1""",,,8,0,0,$4.90,$39.20,$11.99,$95.92,$102.64,
"Furnace Filter 14x25x1"" 2pk",,,9,0,0,$18.99,$170.91,$26.99,$242.91,$259.92,
"Furnace Filter 16x20x1""",,,10,0,0,$5.62,$56.20,$9.99,$99.90,$106.90,
"Furnace Filter 16x25x1""",,,9,0,0,$4.49,$40.41,$11.89,$107.01,$114.48,
Furnace Filter 16x25x4,,,6,0,0,$13.49,$80.94,$31.99,$191.94,$205.38,
"Furnace Filter 20x25x1""",,,13,0,0,$9.98,$129.74,$19.27,$250.51,$268.06,
"Furnace Fliter 25x25x1""",,,8,0,0,$10.55,$84.40,$14.99,$119.92,$128.32,
Furnace Igniter R100997,,,0,0,0,$85.33,$0.00,$95.33,$0.00,$0.00,
"Furnace Increaser 3""-4""",,,3,0,0,$5.82,$17.46,$9.99,$29.97,$32.07,
"Furnace Reducer 4""-3""",,,8,0,0,$5.89,$47.12,$9.99,$79.92,$85.52,
Fuse Auto ATC 5A CD5 5pk,,,2,0,0,$1.08,$2.16,$6.59,$13.18,$14.10,
Fusible Link 4110 Series,,,0,0,0,$33.04,$0.00,$35.04,$0.00,$0.00,
Gaco Roof Gray 1gal GacoFlex,,,1,0,0,$69.69,$69.69,$99.99,$99.99,$106.99,
Gaco Roof Gray 5gal GacoFlex,,,5,0,0,$267.00,"$1,335.00",$423.00,"$2,115.00","$2,263.05",
Galv Steel Sheet 4x8' 26GA,,,1,0,0,$19.22,$19.22,$26.22,$26.22,$28.06,
Gaps and Cracks Foam Great Stuff 12oz,,,18,0,0,$4.38,$78.84,$8.99,$161.82,$173.16,
Garage Door Safety Sensors,,,2,0,0,$35.13,$70.26,$59.99,$119.98,$128.38,
Garage Remote Universal,,,2,0,0,$25.58,$51.16,$32.98,$65.96,$70.58,
Garbage Disposal Badger 5 1/2HP,,,2,0,0,$126.22,$252.44,$169.00,$338.00,$361.66,
Garbage Disposal Whirlaway 1/2HP,,,1,0,0,$56.06,$56.06,$89.99,$89.99,$96.29,
Garden Hose 25ft,,,0,0,0,$18.84,$0.00,$25.99,$0.00,$0.00,
Garden Hose 50',,,1,0,0,$23.98,$23.98,$34.99,$34.99,$37.44,
Gardz Problem Surface Sealer 1gal Zinsser,,,3,0,0,$26.25,$78.75,$39.99,$119.97,$128.37,
"Gas Connector 1/2"" x 36""",,,2,0,0,$15.17,$30.34,$29.99,$59.98,$64.18,
"Gas Connector 1/2"" x 36""",,,2,0,0,$9.60,$19.20,$19.99,$39.98,$42.78,
"Gas Connector 5/8"" x 48""",,,1,0,0,$17.70,$17.70,$36.99,$36.99,$39.58,
Gas Range Grate JXGRATE1,,,0,0,0,$93.04,$0.00,$98.04,$0.00,$0.00,
Gas Range Knob Kit Black 4pk,,,2,0,0,$8.51,$17.02,$15.99,$31.98,$34.22,
Gas Range Knob Kit White 4pk,,,5,0,0,$9.05,$45.25,$15.99,$79.95,$85.55,
Gatorlyte Powder Packs Watermelon 48pks,,,0,0,0,$51.41,$0.00,$52.95,$0.00,$0.00,
GE Silicone Caulk K&B Clear 2.8oz,,,5,0,0,$5.81,$29.05,$8.49,$42.45,$45.40,
Gen Purpose Replacement Cord 16GA 8',,,4,0,0,$2.87,$11.48,$9.59,$38.36,$41.04,
Gentrol IGR Concentrate 10oz,,,1,0,0,$67.60,$67.60,$77.74,$77.74,$83.18,
Geocel 2300 Construction Sealant 10.3 oz,,,0,0,0,$7.85,$0.00,$17.99,$0.00,$0.00,
GFCI Outlet 15A-125V,,,0,0,0,$11.14,$0.00,$23.99,$0.00,$0.00,
GFCI Outlet Tamper Resistant 20A-125V,,,8,0,0,$15.51,$124.08,$25.65,$205.20,$219.60,
GFCI Outlet w/ Switch White,,,3,0,0,$19.65,$58.95,$37.99,$113.97,$121.95,
GFCI Outlets Tamper Resistant 3pk 15A-125V,,,0,0,0,$39.13,$0.00,$49.99,$0.00,$0.00,
GFCI Receptacle Tester,,,1,0,0,$9.29,$9.29,$15.99,$15.99,$17.11,
GFCI Weather Resistant 15A-25V,,,2,0,0,$15.56,$31.12,$30.99,$61.98,$66.32,
GFCI Weather Resistant 20A-125V White,,,5,0,0,$21.52,$107.60,$32.99,$164.95,$176.50,
GIbco's Dry Premium Cement Admixture 8oz,,,3,0,0,$19.73,$59.19,$24.33,$72.99,$78.09,
"Glacier Bay 18"" Vanity White",,,0,0,0,$226.04,$0.00,$241.04,$0.00,$0.00,
Glacier Bay Dunston Matte Black Faucet,,,1,0,0,$28.27,$28.27,$38.27,$38.27,$40.95,
"Glass Block Window 27x17.5x3.125""",,,0,0,0,$152.88,$0.00,$182.88,$0.00,$0.00,
Glass Cleaner Sprayway 19oz,,,3,0,0,$2.64,$7.92,$3.39,$10.17,$10.89,
Glass Cook Top Cleaner 10oz,,,6,0,0,$4.06,$24.36,$6.99,$41.94,$44.88,
Glass Door Knob Passage Set,,,5,0,0,$26.86,$134.30,$31.99,$159.95,$171.15,
"Glass Scraper 4""",,,8,0,0,$7.15,$57.20,$15.99,$127.92,$136.88,
Glass Scraper Metal,,,17,0,0,$0.88,$14.96,$1.99,$33.83,$36.21,
Glover Cold Weather Heavy Duty L,,,0,0,0,$11.57,$0.00,$19.99,$0.00,$0.00,
Gloves Firm Grip XL,,,2,0,0,$12.24,$24.48,$19.99,$39.98,$42.78,
Gloves Jersey Boss Black 3pk,,,0,0,0,$1.83,$0.00,$3.99,$0.00,$0.00,
Gloves Latex Grip L,,,5,0,0,$2.07,$10.35,$13.99,$69.95,$74.85,
Gloves Latex Grip M,,,3,0,0,$2.06,$6.18,$7.32,$21.96,$23.49,
Gloves Milwaukee XL,,,1,0,0,$2.50,$2.50,$6.99,$6.99,$7.48,
Glowfly Universal Hot Surface Ignitor,,,2,0,0,$56.31,$112.62,$69.31,$138.62,$148.32,
Glue Activator Spray 3.38oz,,,2,0,0,$11.69,$23.38,$13.99,$27.98,$29.94,
Goo Gone Pro Power 24oz,,,3,0,0,$5.99,$17.97,$9.99,$29.97,$32.07,
Goof Off Graffiti Stripper Gel,,,0,0,0,$12.33,$0.00,$12.98,$0.00,$0.00,
Graphite Dry Lube Spray,,,0,0,0,$3.55,$0.00,$7.99,$0.00,$0.00,
Grime Boss Wipes 30ct,,,13,0,0,$4.83,$62.79,$8.99,$116.87,$125.06,
Grime Stoppers 75ct,,,0,0,0,$10.48,$0.00,$15.99,$0.00,$0.00,
Ground Wire Pigtail 12AWG 5pk,,,17,0,0,$4.37,$74.29,$6.09,$103.53,$110.84,
Grout Cleaner 32oz,,,10,0,0,$6.21,$62.10,$13.99,$139.90,$149.70,
"Gutter Screws White 1/2"" 100pk",,,0,0,0,$2.83,$0.00,$7.59,$0.00,$0.00,
"Gutter Strainer 3"" Alum",,,7,0,0,$2.39,$16.73,$5.99,$41.93,$44.87,
Handrail Bracket Oil Rubbed Bronze,,,0,0,0,$4.15,$0.00,$9.99,$0.00,$0.00,
Handrail Bracket Satin Chrome,,,4,0,0,$1.75,$7.00,$4.99,$19.96,$21.36,
Handrail Brackets Stainless Steel,,,7,0,0,$8.00,$56.00,$13.99,$97.93,$104.79,
Handshower Delta 7 Sprays Shower Head,,,3,0,0,$34.38,$103.14,$43.98,$131.94,$141.18,
Handy Paint Cup Purdy,,,0,0,0,$1.84,$0.00,$4.59,$0.00,$0.00,
Handy Paint Pail,,,2,0,0,$6.96,$0.00,$13.99,$27.98,$29.94,
Handy Paint Pail Liners 6pk,,,0,0,0,$3.11,-$3.11,$5.59,$0.00,$0.00,
"Hanger Strap Galv Metal 3/4""x25'",,,8,0,0,$7.69,$61.52,$10.89,$87.12,$93.20,
Hanger Strap Plastic 25',,,7,0,0,$2.86,$20.02,$3.98,$27.86,$29.82,
Heat Tape Easy Heat 6-10ft,,,2,0,0,$19.97,$39.94,$32.99,$65.98,$70.60,
Heat Tape Easy Heat 9-13ft,,,0,0,0,$1.00,$0.00,$35.99,$0.00,$0.00,
Heat Tape Easy Tape 12-16ft,,,1,0,0,$1.00,$1.00,$34.99,$34.99,$37.44,
Heavy Duty Scrub Pads 6pk,,,5,0,0,$4.78,$23.90,$6.98,$34.90,$37.35,
Heavy Duty Sponge,,,3,0,0,$2.26,$6.78,$4.37,$13.11,$14.04,
Heavy Duty Vibration Pads 4pk,,,3,0,0,$21.83,$65.49,$24.98,$74.94,$80.19,
Helix Paint Mixer,,,11,0,0,$2.69,$26.90,$6.59,$72.49,$77.55,
Henry Wet Patch Roof Sealant,,,5,0,0,$4.00,$20.00,$9.00,$45.00,$48.15,
HEPA Filter Milwaukee,,,1,0,0,$14.97,$14.97,$21.98,$21.98,$23.52,
HEPA Filter Replacement Multi Fit,,,1,0,0,$17.63,$17.63,$32.99,$32.99,$35.30,
Hinge Pin Door Stop,,,6,0,0,$1.73,$10.38,$4.99,$29.94,$32.04,
"Honeywell 10,000 BTU AC Unit",,,0,0,0,$255.00,$0.00,$275.00,$0.00,$0.00,
Honeywell 5000 BTU AC Unit,,,0,0,0,$153.54,$0.00,$158.15,$0.00,$0.00,
Hook Blade Stanley 5pk,,,1,0,0,$3.00,$3.00,$8.99,$8.99,$9.62,
"Hose Clamp 4""",,,55,0,0,$1.00,$55.00,$3.28,$180.40,$193.05,
Hot Shot Ant Bait 4ct,,,7,0,0,$2.78,$19.46,$3.99,$27.93,$29.89,
Hot Shot Roach Bait 12pk,,,3,0,0,$6.55,$19.65,$8.59,$25.77,$27.57,
"Hyphen 2"" Black Adhesive",,,6,0,0,$0.15,$0.90,$0.99,$5.94,$6.36,
"Ice Maker Line 1/4x1/4"" 10'",,,5,0,0,$7.48,$37.40,$14.96,$74.80,$80.05,
Ignitor Upgrade Kit 120V,,,0,0,0,$30.88,$0.00,$54.99,$0.00,$0.00,
Industrial Cleaner with Vinegar Zep 1gal,,,16,0,0,$7.69,$123.04,$13.99,$223.84,$239.52,
Insecticide Turf Ranger II Granules 10lb,,,2,0,0,$10.78,$21.56,$18.99,$37.98,$40.64,
InSinkErator Garbage Disposal Cord 3ft,,,2,0,0,$15.28,$30.56,$18.89,$37.78,$40.42,
"Isulation R-13 Faced Fiberglass 15""x32'",,,17,0,0,$20.25,$344.25,$27.97,$475.49,$508.81,
Jamb Repair Kit Defender Security,,,3,0,0,$27.13,$81.39,$35.27,$105.81,$113.22,
JB Weld SteelStik Epoxy Singles,,,63,0,0,$5.13,$323.19,$8.99,$566.37,$606.06,
"Jigsaw Blades 4""x10T 2pk",,,2,0,0,$3.06,$6.12,$7.49,$14.98,$16.02,
Joint Compound All Purpose 1.75pt Sheetrock,,,12,0,0,$3.00,$36.00,$5.99,$71.88,$76.92,
Joint Compound All Purpose 3.5qt Sheetrock,,,5,0,0,$5.60,$22.40,$9.99,$49.95,$49.95,
Joint Compound DryDex 32oz,,,6,0,0,$6.83,$40.98,$9.59,$57.54,$61.56,
JT Eaton Webster Cobweb Duster Head,,,5,0,0,$17.05,$85.25,$20.46,$102.30,$109.45,
Key Tag with Ring,,,101,0,0,$0.14,$14.14,$0.79,$79.79,$85.85,
Keyless Double Keypad Door Lock,,,0,0,0,$89.99,$0.00,$99.99,$0.00,$0.00,
Keyless Lampholder White,,,4,0,0,$2.21,$8.84,$5.29,$21.16,$22.64,
Kilz All Purpose Primer 1qt,,,1,0,0,$12.98,$0.00,$16.99,$16.99,$18.18,
Kitchen Faucet Home Plus Chrome,,,4,0,0,$12.83,$51.32,$32.99,$131.96,$141.20,
Kitchen Faucet Home Plus Chrome w/ Sprayer,,,1,0,0,$16.32,$16.32,$37.99,$37.99,$40.65,
Kitchen Faucet Pull Down Stainless,,,4,0,0,$63.06,$252.24,$99.99,$399.96,$427.96,
Kitchen Faucet Single Lever Pullout,,,4,0,0,$67.35,$269.40,$97.98,$391.92,$419.36,
Kitchen Faucet w/ Sprayer Stainless,,,1,0,0,$58.74,$58.74,$89.99,$89.99,$96.29,
Kitchen Pro Antibacterial Cleaner Lysol 22oz,,,2,0,0,$4.17,$8.34,$5.99,$11.98,$12.82,
Knob Satin Nickel Bifold Doors,,,5,0,0,$4.77,$23.85,$8.59,$42.95,$45.95,
KW Lock & Deadbolt Single,,,9,0,0,$18.70,$168.30,$28.49,$256.41,$274.32,
Kwik Seal Plus Adhesive Sealant White DAP,,,5,0,0,$4.27,$21.35,$9.99,$49.95,$53.45,
Kwik Seal Plus White DAP 5.5oz,,,6,0,0,$3.87,$23.22,$7.59,$45.54,$48.72,
Kwikset KW-1 Key,,,77,0,0,$0.40,$30.80,$3.86,$297.22,$318.01,
Kwikset KW-10 Key,,,37,0,0,$0.46,$17.02,$3.98,$147.26,$157.62,
Kwikset KW-5 Key,,,24,0,0,$0.53,$12.72,$3.98,$95.52,$102.24,
Kwikset Security Set Project Pack,,,4,0,0,$34.58,$138.32,$64.99,$259.96,$278.16,
"Lag Screw 1/4x6"" Singles",,,42,0,0,$1.36,$57.12,$1.79,$75.18,$80.64,
"Lag Screw 5/16x8"" Singles",,,14,0,0,$1.51,$21.14,$4.59,$64.26,$68.74,
"Lag Screw Washer Head 5/16x5"" Singles",,,6,0,0,$0.97,$5.82,$1.78,$10.68,$11.40,
Lampholder Plastic White w/ Chain,,,11,0,0,$4.28,$47.08,$5.69,$62.59,$66.99,
Large Hole Repair Kit 3M,,,8,0,0,$15.28,$122.24,$18.99,$151.92,$151.92,
Large Scrub Brush,,,5,0,0,$3.46,$17.30,$4.59,$22.95,$24.55,
Laundry Faucet Block,,,4,0,0,$4.38,$17.52,$9.59,$38.36,$41.04,
Laundry Faucet Central Brass,,,1,0,0,$41.88,$41.88,$51.88,$51.88,$55.51,
Laundry Faucet Chrome 2 Handle,,,1,0,0,$19.25,$19.25,$25.99,$25.99,$27.81,
Laundry Faucet Chrome 2 Handle Pullout,,,2,0,0,$27.15,$54.30,$44.99,$89.98,$96.28,
Lav Pop Up Drain Chrome,,,1,0,0,$10.12,$10.12,$22.99,$22.99,$24.60,
"Leader Hose 5/8""x15'",,,3,0,0,$6.39,$19.17,$15.99,$47.97,$51.33,
Leak Detector Blue Monster 8oz,,,6,0,0,$7.56,$45.36,$13.15,$78.90,$84.42,
LED 100W 4pk Daylight,,,18,0,0,$3.89,$70.02,$9.50,$171.00,$183.06,
LED 100W A19 Light Bulbs Daylight 4pk,,,10,0,0,$9.67,$96.70,$15.97,$159.70,$170.90,
LED 60W Bright White 4pk,,,8,0,0,$9.38,$75.04,$14.99,$119.92,$128.32,
LED 60W Bulb Daylight,,,13,0,0,$1.25,$16.25,$4.99,$64.87,$69.42,
LED 75W Bulbs 4pk,,,0,0,0,$5.01,$0.00,$9.98,$0.00,$0.00,
LED A19 100W 8pk,,,10,0,0,$12.63,$126.30,$19.89,$198.90,$212.80,
LED Appliance Bulb 40W A15,,,3,0,0,$5.30,$15.90,$7.39,$22.17,$23.73,
LED Bulb T6 E12 WW 1.2W,,,4,0,0,$2.24,$8.96,$5.99,$23.96,$25.64,
LED C7 E12 DL 4W 4pk,,,3,0,0,$2.73,$8.19,$7.99,$23.97,$25.65,
LED Dim ST19 60W 2pk,,,3,0,0,$4.21,$12.63,$9.99,$29.97,$32.07,
LED Emergency Light,,,2,0,0,$22.98,$45.96,$31.99,$63.98,$68.46,
"LED Flat Panel 11""",,,3,0,0,$28.24,$56.48,$35.97,$107.91,$115.47,
"LED Flat Panel 15""",,,2,0,0,$40.35,$80.70,$49.99,$99.98,$106.98,
LED Floodlight Bulb E26 Singles,,,3,0,0,$6.62,$19.86,$9.98,$29.94,$32.04,
"LED Garage Light 8,000L",,,1,0,0,$20.87,$20.87,$41.99,$41.99,$44.93,
LED Microwave Bulb WW 40W,,,4,0,0,$3.11,$12.44,$8.59,$34.36,$36.76,
"LED Round Ceiling Fixture 13""",,,0,0,0,$21.95,$0.00,$35.99,$0.00,$0.00,
"Letter Set A-Z 2"" Black 63pc",,,3,0,0,$1.37,$4.11,$6.59,$19.77,$21.15,
Lever Nuts Wire Connector 1 way 10pk,,,6,0,0,$4.55,$27.30,$7.99,$47.94,$51.30,
Lever Nuts Wire Connector 2 way 10pk,,,8,0,0,$6.73,$53.84,$8.99,$71.92,$76.96,
Lever Nuts Wire Connector 3 way 10pk,,,5,0,0,$3.83,$19.15,$6.99,$34.95,$37.40,
Lever Nuts Wire Connector 5 way 10pk,,,5,0,0,$5.25,$26.25,$7.99,$39.95,$42.75,
Leviton Decora Digital Timer,,,0,0,0,$39.91,$0.00,$49.91,$0.00,$0.00,
"LG 12,000 BTU AC Unit",,,1,0,0,$419.00,$419.00,$498.00,$498.00,$532.86,
Lid for 5gal Buckets,,,8,0,0,$2.98,$23.84,$4.99,$39.92,$42.72,
"Lift Handle White 3 5/16"" Prime Line",,,3,0,0,$5.27,$15.81,$7.27,$21.81,$23.34,
Limit Control Disk Manual Reset,,,2,0,0,$9.24,$18.48,$14.24,$28.48,$30.48,
Liquid Ant Baits 6pk,,,7,0,0,$4.38,$30.66,$5.99,$41.93,$44.87,
Liquid Glue Pen Gorilla,,,1,0,0,$4.75,$4.75,$7.99,$7.99,$8.55,
Liquid Nails 10oz,,,3,0,0,$3.26,$9.78,$6.59,$19.77,$21.15,
Liquilock Toilet Gel Oatey,,,14,0,0,$1.88,$26.32,$4.59,$64.26,$68.74,
"Lock and Door Reinforcement Plate 1 3/8""",,,2,0,0,$9.69,$19.38,$12.69,$25.38,$27.16,
Lock and Door Reinforcer Large Ext Stainless,,,2,0,0,$11.70,$11.70,$19.99,$39.98,$42.78,
Lock and Door Reinforcer Single Hole Brass,,,3,0,0,$8.99,$26.97,$28.99,$86.97,$93.06,
Lock and Door Reinforcer Single Hole Stainless,,,2,0,0,$7.81,$15.62,$17.99,$35.98,$38.50,
Lock Bike Shack ADJ 1.75,,,2,0,0,$4.92,$9.84,$12.99,$25.98,$27.80,
Lock Box 4 Digit Flexible,,,2,0,0,$36.07,$72.14,$54.99,$109.98,$117.68,
Lock Box Combo Dial,,,21,0,0,$26.00,$546.00,$40.99,$860.79,$921.06,
Lock De-Icer 0.5oz,,,3,0,0,$1.30,$3.90,$3.99,$11.97,$12.81,
Loctite Spray Adhesive,,,1,0,0,$1.00,$1.00,$10.99,$10.99,$11.76,
Loctite Tub Surround Adhesive,,,8,0,0,$5.16,$41.28,$6.16,$49.28,$52.72,
Louvered Vent Kit With Guard,,,2,0,0,$24.02,$48.04,$36.97,$73.94,$79.12,
Lube Graphite Tube 0.21oz,,,7,0,0,$0.87,$6.09,$1.99,$13.93,$14.91,
Lysol All Purpose Cleaner 144oz,,,1,0,0,$19.98,$19.98,$24.98,$24.98,$26.73,
Lysol All Purpose Cleaner Lemon 32oz,,,7,0,0,$4.78,$33.46,$7.99,$55.93,$59.85,
"Machine Screws #8-32x2""",,,5,0,0,$4.47,$22.35,$4.97,$24.85,$26.60,
Machine Screws and Nuts Multi Pack,,,2,0,0,$2.14,$4.28,$9.59,$19.18,$20.52,
Mailbox Horizontal Plastic Black,,,2,0,0,$19.62,$39.24,$24.99,$49.98,$53.48,
Mailbox Horizontal Townhouse Black,,,3,0,0,$15.94,$47.82,$28.99,$86.97,$93.06,
Mailbox Lock Brass 3 Cam Style w/ Locknut,,,0,0,0,$4.18,$0.00,$9.99,$0.00,$0.00,
Mailbox Lock Brass 5 Cam Style w/ Clip,,,0,0,0,$4.21,$0.00,$9.99,$0.00,$0.00,
Mailbox Townhouse Wall Mount Black,,,4,0,0,$14.40,$57.60,$22.99,$91.96,$98.40,
Mailbox Vertical Econ Black,,,5,0,0,$10.75,$53.75,$19.99,$99.95,$99.95,
Manual Resest,,,2,0,0,$6.93,$13.86,$10.93,$21.86,$23.40,
Manual Reset,,,2,0,0,$6.14,$12.28,$9.14,$18.28,$19.56,
Marker Black King Size,,,1,0,0,$1.31,$1.31,$3.59,$3.59,$3.84,
Masonry Brush,,,3,0,0,$9.15,$27.45,$12.97,$38.91,$41.64,
"Max Cool 9"" Window Fan",,,0,0,0,$46.51,$0.00,$52.51,$0.00,$0.00,
Maxfit P2 Driver Bit 2pk,,,8,0,0,$1.04,$8.32,$4.99,$39.92,$42.72,
MaxFlex White Sealant 10.1oz,,,0,0,0,$3.90,$0.00,$6.99,$0.00,$0.00,
Measure Pro Cabinet Knob Install Kit,,,3,0,0,$5.13,$15.39,$9.59,$28.77,$30.78,
"Medicine Cabinet Recessed 16x24""",,,0,0,0,$126.65,$0.00,$136.65,$0.00,$0.00,
Medium Scrub Brush,,,1,0,0,$2.51,$2.51,$4.99,$4.99,$5.34,
"Mesh Joint Tape 150'x1-7/8""",,,3,0,0,$2.50,$7.50,$8.99,$26.97,$28.86,
"Mesh Strainer 2 3/4""",,,5,0,0,$1.55,$7.75,$5.59,$27.95,$29.90,
Metal Bucket Grid 1gal,,,7,0,0,$0.85,$5.95,$4.99,$34.93,$37.38,
Metal Bucket Grid 5gal,,,8,0,0,$1.35,$10.80,$5.99,$47.92,$51.28,
"Metal Cut-Off Wheel 3""",,,4,0,0,$13.84,$55.36,$16.69,$66.76,$71.44,
Micro Gold Disinfectant Spray,,,4,0,0,$6.70,$26.80,$9.89,$39.56,$39.56,
Microban Sanitizing Spray 15oz,,,2,0,0,$5.71,$11.42,$7.99,$15.98,$17.10,
Microfiber Cleaning Cloth 48pk,,,8,0,0,$17.08,$136.64,$26.99,$215.92,$231.04,
Microfiber Cleaning Cloth 6pk,,,0,0,0,$4.63,$0.00,$7.99,$0.00,$0.00,
Microfiber Towels 24pk,,,8,0,0,$9.98,$79.84,$14.49,$115.92,$115.92,
Midlew Treatment Additive M-1,,,2,0,0,$4.30,$8.60,$5.38,$10.76,$11.52,
"Milwaukee 3"" Drive Guide",,,4,0,0,$6.73,$26.92,$9.35,$37.40,$40.00,
Milwaukee Driver Bit Set 13pc,,,3,0,0,$5.99,$17.97,$10.59,$31.77,$33.99,
Milwaukee Driver Bit Set 45pc,,,2,0,0,$15.12,$30.24,$29.97,$59.94,$64.14,
Milwaukee Hole Dozer Hole Saw Kit 9pc,,,0,0,0,$42.37,$0.00,$54.97,$0.00,$0.00,
Milwaukee Inkzall Marks Black 2pk,,,12,0,0,$1.58,$18.96,$3.61,$43.32,$46.32,
"Milwaukee Saw Blade Fine Finish 7 1/4""",,,3,0,0,$10.69,$32.07,$17.99,$53.97,$57.75,
"Milwaukee Saw Blade Framing 6 1/2""",,,0,0,0,$8.02,$0.00,$14.99,$0.00,$0.00,
"Milwaukee Saw Blade Framing 7 1/4""",,,3,0,0,$7.28,$21.84,$9.99,$29.97,$32.07,
Milwaukee Sawzall Blade 5pk Metal,,,7,0,0,$8.42,$58.94,$13.99,$97.93,$104.79,
"Mini Blind 1"" White 34x64""",,,5,0,0,$8.01,$40.05,$13.99,$69.95,$74.85,
"Mini Blinds 1"" 16x48",,,0,0,0,$13.81,$0.00,$16.99,$0.00,$0.00,
Mini Drain Plunger,,,2,0,0,$8.83,$17.66,$19.83,$39.66,$42.44,
"Mini Roller Covers 1/2"" Nap 2pk",,,18,0,0,$3.19,$54.23,$7.99,$143.82,$153.90,
"Mini Roller Covers 3/8"" Nap 2pk",,,16,0,0,$3.05,$48.80,$7.99,$127.84,$136.80,
Mini Roller Frame,,,5,0,0,$3.54,$14.16,$6.59,$32.95,$35.25,
Misc Knobs and Handles 10 pks,,,14,0,0,$1.00,$14.00,$12.00,$168.00,$179.76,
Misc Knobs and Handles Singles,,,21,0,0,$1.00,$21.00,$1.50,$31.50,$33.81,
Mold Control 32oz,,,4,0,0,$8.12,$32.49,$17.99,$71.96,$77.00,
Mortar Repair Tube 10oz,,,13,0,0,$3.87,$50.31,$6.99,$90.87,$97.24,
Mortise Lock Key Brass,,,3,0,0,$8.33,$24.99,$17.99,$53.97,$57.75,
"Motion Flush Mount 12"" LED Light",,,0,0,0,$47.95,$0.00,$53.95,$0.00,$0.00,
Mouse Traps Victor 2pk,,,38,0,0,$0.90,$34.20,$2.79,$106.02,$113.62,
Mr Clean Magic Eraser 2pk,,,10,0,0,$2.06,$20.60,$3.99,$39.90,$42.70,
"Multi Material Screws #10x2""",,,4,0,0,$7.61,$30.44,$16.59,$66.36,$71.00,
Multi Tool Sealant Cutter 5pk Milwaukee,,,0,0,0,$17.36,$0.00,$25.99,$0.00,$0.00,
Multi Tool Wood Blade,,,46,0,0,$0.49,$22.05,$5.99,$275.54,$294.86,
"Mushroom Head Anchors 1/4x1""",,,3,0,0,$17.35,$52.05,$33.97,$101.91,$109.05,
Neutral pH Floor Cleaner Zep 1gal,,,4,0,0,$10.24,$40.96,$15.99,$63.96,$68.44,
Niagara Water 24pk,,,18,0,0,$4.23,$76.14,$6.99,$125.82,$134.64,
Night Latch Single Cylinder,,,2,0,0,$21.18,$42.36,$26.47,$52.94,$56.64,
"Nipple Brass 3/4x5""",,,4,0,0,$6.24,$24.96,$14.99,$59.96,$64.16,
Nitrile Gloves Black MD 40ct,,,8,0,0,$9.25,$74.00,$12.98,$103.84,$111.12,
Nitrile Gloves Textured XL 100 Pair,,,0,0,0,$24.99,$0.00,$31.99,$0.00,$0.00,
"NM Cable Staples Wood 1/2"" 50pk",,,5,0,0,$1.21,$6.05,$2.99,$14.95,$16.00,
Nonground Recept 15A White,,,4,0,0,$1.30,$5.20,$2.99,$11.96,$12.80,
"Numbers 0-9 Black 2"" 35pc",,,11,0,0,$1.45,$15.95,$4.99,$54.89,$58.74,
"Nut and Slip Joint Washer 1 1/4""",,,4,0,0,$1.18,$4.72,$2.79,$11.16,$11.96,
Nut Driver Set Milwaukee 4pc,,,2,0,0,$7.29,$14.58,$18.99,$37.98,$40.64,
"Oct Box 4x1-1/2""",,,0,0,0,$1.30,$0.00,$2.63,$0.00,$0.00,
Odorless Oil Base Stain Blocker,,,0,0,0,$43.38,$0.00,$49.99,$0.00,$0.00,
Odorless Spray Primer Zinsser Singles,,,28,0,0,$6.68,$180.36,$10.98,$307.44,$329.00,
Old Work Switch Box Clip,,,6,0,0,$1.14,$6.84,$2.19,$13.14,$14.04,
OSI Quad Max 9.5oz,,,9,0,0,$10.67,$96.03,$12.48,$112.32,$120.15,
OSI Quad Sealant 10oz,,,4,0,0,$1.00,$4.00,$6.99,$27.96,$29.92,
Outdoor 1 Gang Box 3H,,,24,0,0,$4.72,$113.28,$9.99,$239.76,$256.56,
Outlet 4Wire 3P 30A Black,,,3,0,0,$14.52,$43.56,$21.89,$65.67,$70.26,
Outlet 4Wire 50A 250V Black,,,3,0,0,$10.25,$30.75,$18.98,$56.94,$60.93,
Outlet Box Round Plastic 5H,,,0,0,0,$4.87,$0.00,$9.99,$0.00,$0.00,
Oven and Grill Cleaner Zep 19oz,,,2,0,0,$4.27,$8.54,$6.99,$13.98,$14.96,
Ozium Air Sanitizer 3.5oz,,,4,0,0,$6.48,$25.92,$10.89,$43.56,$46.60,
"P Trap Plastic White 1 1/2""",,,2,0,0,$4.30,$4.30,$9.89,$19.78,$21.16,
"P Trap Plastic White 1 1/4""",,,3,0,0,$3.63,$7.26,$7.99,$23.97,$25.65,
Packard Transformer Output 40VA,,,2,0,0,$18.56,$37.12,$24.56,$49.12,$52.56,
"Padlock Numeric Gold 5/16""",,,3,0,0,$17.32,$51.96,$29.99,$89.97,$96.27,
"Padlock with Cover 1 1/2""",,,1,0,0,$7.46,$7.46,$17.99,$17.99,$19.25,
"Paint Brush Flat 3""",,,10,0,0,$3.47,$31.23,$7.99,$79.90,$85.50,
"Paint Brush Pro Firm Flat 3"" Wooster",,,7,0,0,$6.78,$47.46,$20.42,$142.94,$152.95,
"Paint Brush Soft 2""",,,0,0,0,$10.17,-$10.17,$17.99,$0.00,$0.00,
"Paint Brush Ultra Pro 2.5"" Soft Angle Wooster",,,7,0,0,$6.79,$47.53,$11.99,$83.93,$89.81,
"Paint Brush XL Glide Angle 2.5"" Purdy",,,0,0,0,$11.81,$0.00,$17.99,$0.00,$0.00,
Paint Pail Liner Poly 5qt,,,12,0,0,$0.79,$9.48,$1.99,$23.88,$25.56,
Paint Pail Metal 5qt,,,3,0,0,$4.14,$12.42,$8.59,$25.77,$27.57,
Paint Pail Wooster Pelican,,,5,0,0,$8.90,$35.60,$12.89,$64.45,$68.95,
Paint Respirator 3M 2pk,,,12,0,0,$3.97,$47.64,$8.59,$103.08,$110.28,
Paint Respirators 3M 20pk,,,1,0,0,$11.45,$11.45,$26.99,$26.99,$28.88,
"Paint Roller Cover 14"" 1/2"" Nap",,,3,0,0,$6.99,$20.97,$11.99,$35.97,$38.49,
"Paint Roller Cover 9"" 1/2"" Nap 3pk",,,3,0,0,$9.17,$27.51,$16.99,$50.97,$54.54,
"Paint Roller Cover 9"" 3/8"" Nap",,,11,0,0,$1.60,$16.00,$4.89,$53.79,$57.53,
"Paint Roller Cover 9"" 3/8"" Nap 3pk",,,6,0,0,$3.92,$19.60,$11.99,$71.94,$76.98,
Paint Strainer Cone 4pk,,,3,0,0,$0.61,$1.83,$1.79,$5.37,$5.76,
Paint Tray Liner White Singles,,,47,0,0,$0.94,$39.48,$1.69,$79.43,$85.07,
Paint Tray Liners Clear 1qt,,,23,0,0,$0.61,$14.03,$1.79,$41.17,$41.17,
Paint Tray Metal 1qt,,,6,0,0,$2.98,$11.92,$5.59,$33.54,$35.88,
Paint Wipes Miracle Brands 30ct,,,5,0,0,$8.80,$44.00,$11.99,$59.95,$64.15,
Paintable Silicone GE 10.1oz,,,14,0,0,$7.00,$98.00,$11.99,$167.86,$179.62,
Painter Pail Liners Purdy 3pk,,,9,0,0,$5.29,$47.61,$8.59,$77.31,$82.71,
Painter Pale Yellow Purdy,,,0,0,0,$9.54,$0.00,$16.99,$0.00,$0.00,
Painters Tool 15 in 1,,,5,0,0,$6.00,$30.00,$8.99,$44.95,$48.10,
Paper Towels Bounty 6pk,,,1,0,0,$7.89,$7.89,$9.99,$9.99,$10.69,
Paper Towels HDX 1 Roll,,,9,0,0,$0.98,$8.82,$5.99,$53.91,$57.69,
Pass Through Door Knob Kwikset,,,2,0,0,$11.87,$23.74,$14.89,$29.78,$31.86,
Pass Through Knob Hall & Closet Schlage,,,4,0,0,$15.09,$60.36,$22.97,$91.88,$98.32,
Passage Lever Hall & Closet Kwikset,,,3,0,0,$15.87,$47.61,$25.99,$77.97,$83.43,
PB Blaster Catalyst Penetrate 11oz,,,0,0,0,$4.94,$0.00,$9.59,$0.00,$0.00,
PB Blaster Penetrating Grease 8oz,,,0,0,0,$4.51,$0.00,$7.99,$0.00,$0.00,
Pelican Paint Pail Liners 3pk,,,9,0,0,$4.05,$32.40,$6.89,$62.01,$66.33,
Pencil with Eraser,,,21,0,0,$0.26,$5.46,$0.55,$11.55,$12.39,
PER PACKET Tomcat Rat and Mouse Poison,,,80,0,0,$1.00,$80.00,$1.99,$159.20,$170.40,
Perimeter Ant Bait 2lb,,,2,0,0,$9.79,$19.58,$15.99,$31.98,$34.22,
Pestblock Foam Great Stuff 12oz,,,5,0,0,$9.87,$49.35,$11.97,$59.85,$64.05,
Pet Fresh Carpet Odor Elim 30oz,,,4,0,0,$2.42,$9.68,$4.59,$18.36,$19.64,
"Pex A Expansion Sleeves 1/2"" 25pk",,,2,0,0,$5.13,$10.26,$6.59,$13.18,$14.10,
Pex A Expansion Tool Kit,,,1,0,0,$121.81,$121.81,$139.99,$139.99,$149.79,
"Pex Clamp Rings 1/2"" 10pk",,,6,0,0,$2.04,$12.24,$7.99,$47.94,$51.30,
"Pex Clamp Rings 1/2"" 25pk",,,1,0,0,$5.71,$5.71,$16.99,$16.99,$18.18,
"Pex Coupling 1/2"" 10pk",,,9,0,0,$6.45,$58.05,$17.99,$161.91,$173.25,
"Pex Coupling 1/2"" Brass",,,16,0,0,$0.84,$13.44,$2.39,$38.24,$40.96,
"Pex Crimp Rings 3/4"" 10pk",,,10,0,0,$2.72,$27.20,$7.99,$79.90,$85.50,
"Pex Crimp Rings 3/4"" 25pk",,,6,0,0,$6.60,$39.60,$9.59,$57.54,$61.56,
"Pex Elbow 1/2""x1/2"" Brass",,,0,0,0,$1.01,$0.00,$2.79,$0.00,$0.00,
"Pex Elbow 1/2""x1/2"" Brass 10pk",,,1,0,0,$9.01,$9.01,$19.99,$19.99,$21.39,
"Pex Straight Valve 1/2""",,,0,0,0,$4.73,$0.00,$10.99,$0.00,$0.00,
"Pex Talons 1/2"" 10 pk",,,22,0,0,$0.82,$18.04,$3.59,$78.98,$84.48,
"Pex Talons 3/4"" 10pk",,,7,0,0,$1.10,$7.70,$4.59,$32.13,$34.37,
"Pex Tee 1/2x1/2x1/2"" Brass",,,12,0,0,$1.48,$17.76,$3.59,$43.08,$46.08,
"Pex Tee 1/2x1/2x1/2"" Brass 10pk",,,2,0,0,$10.95,$21.90,$21.99,$43.98,$47.06,
"Pex Tube Talon 1/2"" 10pk",,,35,0,0,$0.88,$30.80,$2.59,$90.65,$96.95,
Phillips #2 Bits 5pk,,,2,0,0,$8.97,$17.94,$10.97,$21.94,$23.48,
Pigtail Lampholder WP#124,,,9,0,0,$1.60,$14.40,$3.99,$35.91,$38.43,
Pine Sol Cleaner 40oz,,,4,0,0,$8.98,$35.92,$10.99,$43.96,$47.04,
Pine Sol Cleaner 80oz,,,1,0,0,$9.99,$9.99,$14.99,$14.99,$16.04,
"Pipe Galv 30GA 3x60""",,,9,0,0,$9.42,$84.78,$13.89,$125.01,$133.74,
"Pipe Galv 30GA 4x24""",,,1,0,0,$4.40,$4.40,$8.59,$8.59,$9.19,
"Pipe Hanger J Hook 2""",,,0,0,0,$1.31,$0.00,$1.69,$0.00,$0.00,
Pipe Heating Cable Easy Heat 15-19ft,,,3,0,0,$24.07,$72.21,$38.99,$116.97,$125.16,
"Pipe Insulation 1/2""x6'",,,7,0,0,$1.34,$9.38,$3.59,$25.13,$26.88,
"Pipe Insulation 3/4""x6'",,,0,0,0,$1.66,$0.00,$4.59,$0.00,$0.00,
Pistol Grip Hose Nozzle,,,0,0,0,$7.52,$0.00,$9.99,$0.00,$0.00,
"Plaster Washer 1""",,,1,0,0,$4.48,$4.48,$9.99,$9.99,$10.69,
Plastic 5gal Bucket,,,15,0,0,$3.51,$49.14,$7.59,$113.85,$121.80,
Plastic Pail 2gal,,,14,0,0,$2.33,$27.96,$4.99,$69.86,$74.76,
Plastic Pail Lid for 1gal,,,30,0,0,$1.12,$33.60,$2.79,$83.70,$89.70,
Plastic Pail Lid for 2gal,,,12,0,0,$0.95,$11.40,$2.99,$35.88,$38.40,
"Plate Filler 1"" BG5",,,4,0,0,$2.28,$9.12,$8.59,$34.36,$36.76,
Plate Filler Homeline CD3,,,5,0,0,$4.80,$24.00,$9.59,$47.95,$51.30,
Pledge Multi Surface pH Balanced 9.7oz,,,2,0,0,$5.14,$10.28,$7.59,$15.18,$16.24,
Plug in CO/EXP Gas Alarm,,,5,0,0,$41.15,$205.75,$64.99,$324.95,$347.70,
Plumber's Putty 14oz,,,1,0,0,$1.01,$1.01,$3.99,$3.99,$4.27,
Plumbing Solder Kit 3oz,,,0,0,0,$11.73,$0.00,$31.99,$0.00,$0.00,
"Portable AC Costway 5,500 BTU",,,4,0,0,$264.95,"$1,059.80",$309.99,"$1,239.96","$1,326.76",
Power Grab All Purpose Adhesive 9oz,,,0,0,0,$3.22,$0.00,$6.99,$0.00,$0.00,
Power Grab Ulitmate 9oz,,,18,0,0,$9.43,$160.31,$10.89,$196.02,$209.70,
Premium Foil Tape HVAC,,,5,0,0,$27.98,$139.90,$32.98,$164.90,$176.45,
"Pressure Reducing Valve 1""",,,0,0,0,$91.90,$0.00,$109.99,$0.00,$0.00,
"Pressure Reducing Valve 3/4""",,,0,0,0,$78.13,$0.00,$91.81,$0.00,$0.00,
Pressure Switch,,,2,0,0,$29.15,$58.30,$38.15,$76.30,$81.64,
Pressure Switch,,,2,0,0,$13.08,$26.16,$18.08,$36.16,$38.70,
Pressure Switch,,,2,0,0,$13.08,$26.16,$18.08,$36.16,$38.70,
"Prime Line 25"" Block and Tackle",,,0,0,0,$13.96,$0.00,$16.96,$0.00,$0.00,
Privacy Lever Bed & Bsth Kwikset,,,3,0,0,$17.06,$51.18,$26.99,$80.97,$86.64,
ProBlock Interior Oil Bases Primer,,,8,0,0,$4.31,$34.48,$7.98,$63.84,$68.32,
Promar 200 Eg Shell LFG 5gal,,,0,0,0,$96.35,$0.00,$147.96,$0.00,$0.00,
Promar 200 Flat White 1gal,,,2,0,0,$18.27,$36.54,$31.99,$63.98,$68.46,
Promar 200 Semi Gloss White 1gal,,,2,0,0,$21.23,$0.00,$32.99,$65.98,$70.60,
Promar 400 Flate White 5gal,,,0,0,0,$99.95,$0.00,$141.96,$0.00,$0.00,
Promar Ceiling Paint White 1gal,,,13,0,0,$24.95,$299.40,$29.95,$389.35,$416.65,
Propel Drink Packs Variety,,,0,0,0,$34.39,$0.00,$37.99,$0.00,$0.00,
"ProPress Cap 3/4"" 10pk",,,2,0,0,$69.29,$138.58,$81.99,$163.98,$175.46,
Prorective Enamel Spray Paint Black,,,5,0,0,$5.83,$29.15,$7.39,$36.95,$39.55,
ProTeam Intercept Micro Vac Bags Singles,,,4,0,0,$1.92,$7.68,$2.49,$9.96,$10.64,
ProTeam Telescoping Wand,,,0,0,0,$100.35,$0.00,$110.35,$0.00,$0.00,
PT Alpine Flea & Bed Bug Pressurized Insecticide,,,2,0,0,$22.49,$44.98,$29.31,$58.62,$62.72,
PTFE Pipe Sealant 2oz Blue Monster,,,11,0,0,$3.45,$37.95,$7.59,$83.49,$89.32,
PTFE Thread Pipe Tape Blue Monster,,,11,0,0,$1.74,$19.14,$4.59,$50.49,$54.01,
P-Trap Universal Clear ABS,,,3,0,0,$4.00,$12.00,$6.99,$20.97,$22.44,
Pull Chain Switch,,,7,0,0,$1.97,$13.79,$7.59,$53.13,$56.84,
"Pull Handle White 6 1/2""",,,3,0,0,$3.57,$10.71,$7.89,$23.67,$25.32,
Pull Switch Brass 3 Speed,,,2,0,0,$2.89,$5.78,$8.59,$17.18,$18.38,
Purdy Nest Bucket Liners 3pk,,,30,0,0,$16.77,$503.10,$25.79,$773.70,$828.00,
"Purple Board Drywall 1/2""x4'x8'",,,12,0,0,$21.25,$255.00,$26.92,$323.04,$345.60,
Purple Primer CPVC/PVC 8oz,,,3,0,0,$6.32,$18.96,$8.79,$26.37,$28.23,
Push Button Latch Black,,,7,0,0,$8.82,$61.74,$17.99,$125.93,$134.75,
Push Button Latch White,,,1,0,0,$8.60,$8.60,$18.99,$18.99,$20.32,
Push In Wire Connector 4 Port 10pk,,,28,0,0,$4.26,$119.28,$5.19,$145.32,$155.40,
PushGard Wire Connector 2 way 10pk,,,5,0,0,$1.66,$8.30,$3.59,$17.95,$19.20,
PVA Primer 1gal,,,0,0,0,$10.05,$0.00,$18.99,$0.00,$0.00,
"PVC 45 Elbow 2""",,,6,0,0,$2.58,$15.48,$3.19,$19.14,$20.46,
"PVC 90 Elbow 2""",,,6,0,0,$2.88,$17.28,$3.49,$20.94,$22.38,
PVC Cement Heavy Duty Clear 8oz,,,2,0,0,$7.18,$14.36,$9.98,$19.96,$21.36,
"PVC Coupling 2""",,,8,0,0,$1.40,$11.20,$1.99,$15.92,$15.92,
"PVC Quarter Round 3/4x3/4""x8'",,,0,0,0,$8.73,$0.00,$10.73,$0.00,$0.00,
Quart Container Lid Multimix,,,5,0,0,$0.28,$1.40,$1.39,$6.95,$7.45,
Quart Container Multimix,,,9,0,0,$0.50,$4.50,$2.59,$23.31,$24.93,
"Quarter Round Moulding 1/2x1/2""x8'",,,5,0,0,$3.98,$19.90,$6.28,$31.40,$33.60,
Quick Set Lite 45 ProForm,,,7,0,0,$4.50,$31.50,$11.48,$80.36,$85.96,
Quick Set Lite 5 Proform,,,0,0,0,$3.50,$0.00,$11.86,$0.00,$0.00,
Quick Set Lite 5 Profrom,,,9,0,0,$3.50,$31.50,$11.86,$106.74,$114.21,
Quick Setting Cement Quikrete 10lb,,,7,0,0,$7.65,$45.90,$13.99,$97.93,$104.79,
Rags in a Box 200ct,,,5,0,0,$9.48,$47.40,$15.99,$79.95,$85.55,
Rain X All Season 1gal,,,23,0,0,$4.97,$114.31,$8.19,$188.37,$201.48,
Rat Trap Victor 1pk,,,10,0,0,$1.63,$16.30,$3.59,$35.90,$38.40,
Ratchet Straps 16' 2pk,,,0,0,0,$13.48,$0.00,$19.99,$0.00,$0.00,
"Recip Saw Blade 6"" Wood Nails Lenox",,,75,0,0,$1.79,$134.25,$2.99,$224.25,$240.00,
"Recip Saw Blades 9"" 5pk Lenox Demo",,,1,0,0,$13.02,$13.02,$24.99,$24.99,$26.74,
"Recip Saw Blades 9"" 5pk Wood and Nails",,,6,0,0,$18.57,$111.42,$24.87,$149.22,$159.66,
"Red Pex 1/2"" by the foot",,,100,0,0,$0.50,$50.00,$0.75,$75.00,$80.00,
"Red Pex 1/2""x10'",,,11,0,0,$3.78,$41.58,$5.12,$56.32,$60.28,
"Reducing Coupling 3/4x1/2"" SharkBite",,,4,0,0,$7.01,$28.04,$11.99,$47.96,$51.32,
Reliant Single Metal Lever Handle,,,0,0,0,$23.93,$0.00,$28.93,$0.00,$0.00,
Replacement Broan Nutone Wall Control Switch,,,0,0,0,$67.78,$0.00,$77.78,$0.00,$0.00,
Resolve Pet Expert Rug Cleaner 22oz,,,6,0,0,$5.31,$31.86,$8.59,$51.54,$55.14,
Respirator Mask 3M L,,,3,0,0,$28.08,$84.24,$37.99,$113.97,$121.95,
Reusable Latex Cleaning Gloves 2 Pair,,,1,0,0,$4.00,$4.00,$7.79,$7.79,$8.34,
Rev a Shelf Lazy Suzan Parts,,,0,0,0,$86.36,$0.00,$94.36,$0.00,$0.00,
Rheem 40gal Electric Water Heater,,,2,0,0,$350.10,$700.20,$399.99,$799.98,$855.98,
Rip Resistant Nitril Gloves Black XL 100ct,,,11,0,0,$13.40,$147.40,$19.99,$219.89,$235.29,
Roach Killing Syringe Combat Max 2.1oz,,,9,0,0,$8.15,$73.35,$11.99,$107.91,$115.47,
Rock Salt 50lb Vaporizer,,,105,0,0,$9.00,$945.00,$12.99,"$1,363.95","$1,459.50",
"Roof Nails w/ Washer Galvanized 1 3/4"" 1lb",,,12,0,0,$5.03,$60.36,$9.99,$119.88,$128.28,
"Roofing Nails Galvanized 1 3/4"" 1lb",,,10,0,0,$2.18,$21.80,$6.59,$65.90,$70.50,
Round Ceiling Box Nail On,,,7,0,0,$2.11,$14.77,$4.99,$34.93,$37.38,
"Round Duct Pipe 4x60""",,,3,0,0,$10.40,$31.20,$15.98,$47.94,$51.30,
Rubber Gloves Large Soft Scrub 1pair,,,20,0,0,$2.11,$42.20,$4.59,$91.80,$98.20,
Rust-Oleum Semi Gloss Protective Enamel Black,,,0,0,0,$6.06,$0.00,$8.59,$0.00,$0.00,
Rust-Oleum Spray Primer,,,4,0,0,$6.72,$26.88,$10.99,$43.96,$47.04,
Ryobi Battery 2Ah,,,0,0,0,$72.98,$0.00,$82.98,$0.00,$0.00,
Safe Step 7300 50lb,,,0,0,0,$26.10,$0.00,$35.99,$0.00,$0.00,
Safety Glasses Clear,,,7,0,0,$3.98,$27.86,$4.98,$34.86,$37.31,
"Safety Hasp 4 1/2""",,,4,0,0,$2.85,$11.40,$7.99,$31.96,$34.20,
"Sanding Belt 50 Grit 3x18""",,,1,0,0,$4.65,$4.65,$11.99,$11.99,$12.83,
"Sanding Belt 80 Grit 3x18""",,,2,0,0,$6.73,$13.46,$11.99,$23.98,$25.66,
Sanding Block 80 Grit,,,6,0,0,$3.93,$23.58,$5.98,$35.88,$38.40,
"Sanding Disc 5"" 120 Grit 15pk",,,3,0,0,$4.45,$13.35,$12.99,$38.97,$41.70,
"Sanding Disc 5"" 220 Grit 15pk",,,1,0,0,$4.43,$4.43,$12.99,$12.99,$13.90,
"Sanding Disc 5"" 80 Grit 15pk",,,3,0,0,$8.23,$24.69,$10.98,$32.94,$35.25,
Sanding Sponge 180 Grit,,,6,0,0,$4.29,$25.74,$5.29,$31.74,$33.96,
Sanding Sponge 220 Grit,,,4,0,0,$1.38,$5.52,$6.47,$25.88,$27.68,
Sanding Sponge 60 Grit,,,7,0,0,$4.31,$30.17,$5.40,$37.80,$40.46,
Sanding Sponge Ultra Flex 180 Grit 2pk,,,1,0,0,$1.07,$1.07,$3.99,$3.99,$4.27,
Sanding Sponge Variety 3pk,,,0,0,0,$3.61,$0.00,$9.99,$0.00,$0.00,
Sash and Balance End Guide Kit,,,0,0,0,$10.80,$0.00,$12.99,$0.00,$0.00,
"Sawzall Blade 12"" Pruning",,,3,0,0,$4.89,$14.67,$13.99,$41.97,$44.91,
"SB Coupling 1/2""",,,16,0,0,$8.42,$134.72,$10.36,$165.76,$177.44,
Schlage Coded Locks RR Master Keyed,,,1,0,0,$108.90,$108.90,$149.99,$149.99,$160.49,
Schlage Deadbolt Satin Nickel,,,0,0,0,$28.00,$0.00,$37.99,$0.00,$0.00,
Schlage Keypad Entry Lock,,,2,0,0,$95.35,$190.70,$119.99,$239.98,$256.78,
Schlage Lock Security Set,,,3,0,0,$35.30,$105.90,$49.99,$149.97,$160.47,
Schlage Privacy Knob Bed & Bath,,,6,0,0,$14.00,$84.00,$23.97,$143.82,$153.90,
Schlage Project Pack Keyed RR Master,,,6,0,0,$81.66,$489.96,$109.99,$659.94,$706.14,
Schlage SC-1 Key,,,178,0,0,$0.40,$71.20,$3.87,$688.86,$736.92,
Schlage SC-10 Key,,,31,0,0,$0.45,$13.95,$3.98,$123.38,$132.06,
Schlage SC-15 Key,,,30,0,0,$0.48,$14.40,$3.98,$119.40,$127.80,
Schlage SC-16 Key,,,49,0,0,$1.48,$72.52,$3.98,$195.02,$208.74,
Schlage SC-19 Key,,,22,0,0,$0.81,$17.82,$3.99,$87.78,$93.94,
Schlage SC-20 Key,,,30,0,0,$0.94,$28.20,$3.98,$119.40,$127.80,
Schlage SC-21 Key,,,29,0,0,$0.59,$17.11,$3.98,$115.42,$123.54,
Schlage SC-22 Key,,,10,0,0,$0.49,$4.90,$3.98,$39.80,$42.60,
Schlage SC-24 Key,,,31,0,0,$0.84,$26.04,$3.98,$123.38,$132.06,
Schlage SC-4 Key,,,48,0,0,$0.46,$22.08,$3.98,$191.04,$204.48,
Schlage SC-8 Key,,,26,0,0,$0.51,$13.26,$3.98,$103.48,$110.76,
Schlage SC-9 Key,,,30,0,0,$0.51,$15.30,$3.98,$119.40,$127.80,
"Screen Fiber 48x84"" CHAR",,,10,0,0,$3.57,$35.70,$12.99,$129.90,$139.00,
"Screen Frame Kit 48x48""",,,0,0,0,$12.60,$0.00,$22.99,$0.00,$0.00,
Screen Frame Kit Square Cut,,,0,0,0,$8.23,$0.00,$14.99,$0.00,$0.00,
"Screen Kit 60"" White",,,3,0,0,$13.27,$39.81,$21.98,$65.94,$70.56,
Screen Kit Adjustable Bronze,,,4,0,0,$12.50,$50.00,$38.88,$155.52,$166.40,
"Screen Spline Black 0.140""x25'",,,12,0,0,$3.32,$39.84,$6.49,$77.88,$83.28,
Screen Spline Roller,,,0,0,0,$3.16,$0.00,$6.99,$0.00,$0.00,
Screw Ground Green 12pk,,,6,0,0,$0.88,$5.28,$2.99,$17.94,$19.20,
Scrub Mommy Duel Sponge,,,6,0,0,$2.88,$17.28,$4.59,$27.54,$29.46,
Scrubbing Bubble Foam Bleach 32oz,,,0,0,0,$3.74,$0.00,$5.99,$0.00,$0.00,
"SDS Drill Bit 5/32x6""",,,2,0,0,$5.38,$10.76,$8.29,$16.58,$16.58,
Seal n Peel DAP,,,12,0,0,$6.55,$78.60,$8.99,$107.88,$115.44,
"Seam Binder 2-1/2x36"" Gray",,,4,0,0,$11.38,$45.52,$15.97,$63.88,$68.36,
Security Bit Set 33 Piece,,,4,0,0,$8.67,$34.68,$19.99,$79.96,$85.56,
Security Flood Light,,,3,0,0,$30.53,$91.59,$39.89,$119.67,$128.04,
Sediment Buster,,,0,0,0,$39.99,$0.00,$49.99,$0.00,$0.00,
"Self Drilling Toggle Bolts 2 1/2"" #8",,,4,0,0,$6.50,$26.00,$15.99,$63.96,$68.44,
Self Latching Gate Latch Black,,,3,0,0,$3.79,$11.37,$6.79,$20.37,$21.81,
Self Locking Gate Latch Gravity Lever,,,0,0,0,$18.69,$0.00,$26.99,$0.00,$0.00,
"Self Tapping Screws #8x1/2"" 100ct",,,1,0,0,$7.48,$7.48,$9.97,$9.97,$10.67,
"Service Entrance Staples Wood 3/4""",,,4,0,0,$1.19,$4.76,$3.59,$14.36,$15.36,
Shallow Box Wall OW,,,4,0,0,$4.22,$16.88,$7.59,$30.36,$32.48,
Shark Tooth Box Cutter,,,4,0,0,$5.49,$21.96,$8.99,$35.96,$38.48,
"SharkBite 1/2x1/2"" 90 Elbow",,,8,0,0,$7.16,$57.28,$10.89,$87.12,$93.20,
"SharkBite Cap 1/2""",,,7,0,0,$6.14,$42.98,$9.79,$68.53,$73.36,
"SharkBite Coupling 1/2"" 4pk",,,0,0,0,$18.61,$0.00,$31.99,$0.00,$0.00,
"SharkBite Disconnect Clip 1/2""",,,3,0,0,$1.31,$3.93,$2.99,$8.97,$9.60,
"SharkBite Elbow 3/4""",,,2,0,0,$7.43,$14.86,$13.99,$27.98,$29.94,
"SharkBite Tee 1/2x1/2x1/2""",,,3,0,0,$8.07,$24.21,$14.99,$44.97,$48.12,
"SharkBite Tee 3/4""",,,2,0,0,$10.32,$20.64,$17.99,$35.98,$38.50,
"Sherlock Roller Frame 14""",,,4,0,0,$11.23,$44.92,$16.99,$67.96,$72.72,
"Sherlock Roller Frame 9""",,,0,0,0,$5.76,$0.00,$11.99,$0.00,$0.00,
Shoe Guard 3pk,,,5,0,0,$3.79,$18.95,$6.79,$33.95,$36.35,
Short Gas Water Heater Rheem 40gal,,,4,0,0,$576.84,"$2,307.35",$609.99,"$2,439.96","$2,610.76",
Shower Guard White Plastic Danco,,,16,0,0,$3.17,$50.72,$9.59,$153.44,$164.16,
"Shower Head 7"" Round Chrome",,,1,0,0,$10.60,$10.60,$14.99,$14.99,$16.04,
Shower Head Chrome Glacier Bay,,,3,0,0,$9.28,$27.84,$12.98,$38.94,$41.67,
Shower Head Round Chrome,,,4,0,0,$6.52,$26.08,$17.99,$71.96,$77.00,
Shower Liner Clear Light Weight,,,2,0,0,$2.77,$5.54,$5.99,$11.98,$12.82,
Shower Rings Chrome,,,2,0,0,$5.37,$10.74,$9.99,$19.98,$21.38,
"Shower Rod 60""",,,3,0,0,$7.47,$22.41,$19.99,$59.97,$64.17,
"Shower Rod Tension White 72""",,,5,0,0,$8.65,$43.25,$19.98,$99.90,$106.90,
Side Mount Faucet Chrome,,,0,0,0,$55.19,$0.00,$68.19,$0.00,$0.00,
Silcone Glue Clear GE,,,7,0,0,$4.06,$28.42,$7.99,$55.93,$59.85,
Silicone Max Windows & Doors Clear,,,18,0,0,$7.55,$135.90,$18.07,$325.26,$347.94,
Silicone Max Windows & Doors DAP,,,12,0,0,$6.80,$81.60,$15.99,$191.88,$205.32,
Simple Green Cleaner Lemon 32oz,,,11,0,0,$3.32,$36.49,$7.22,$79.42,$85.03,
"Simpson Connector Screws #9x1.5"" 100pk",,,7,0,0,$7.69,$53.83,$16.99,$118.93,$127.26,
SINGLE Max Catch Non Toxic Sticky Traps,,,124,0,0,$0.38,$47.12,$0.89,$110.36,$117.80,
"Slip Coupling 1/2"" SharkBite",,,4,0,0,$11.36,$45.44,$15.99,$63.96,$68.44,
"Slip Coupling 3/4x3/4"" SharkBite",,,2,0,0,$13.39,$26.78,$19.99,$39.98,$42.78,
"Slip Join Washer 1-1/2""",,,0,0,0,$1.09,$0.00,$6.99,$0.00,$0.00,
Slip Joint and Reducing Washer Assortment Pack,,,4,0,0,$2.83,$11.32,$3.99,$15.96,$17.08,
"Slip Joint Washer 1 1/2"" 5pk",,,2,0,0,$2.39,$4.78,$6.59,$13.18,$14.10,
"Slip Joint Washer 1 1/4""",,,2,0,0,$0.27,$0.54,$0.79,$1.58,$1.70,
Small Exterior Wall Lantern,,,3,0,0,$13.82,$41.46,$21.89,$65.67,$70.26,
Small Scrub Brush,,,7,0,0,$3.98,$27.86,$5.98,$41.86,$44.80,
Smoke Alarm 10Y Battery,,,41,0,0,$21.75,$891.75,$32.47,"$1,331.27","$1,424.34",
Smoke Alarm Battery Op,,,0,0,0,$11.45,$0.00,$17.99,$0.00,$0.00,
Smoke Alarm BRK Battery Op,,,0,0,0,$11.85,$0.00,$16.99,$0.00,$0.00,
Smoke Alarm Hardwired 10yr Backup,,,18,0,0,$29.70,$534.60,$46.77,$841.86,$900.72,
Smoke Alarm HW BRK,,,8,0,0,$17.04,$136.32,$25.99,$207.92,$222.48,
Smoke Alarm Kidde Batt Op,,,17,0,0,$10.42,$177.14,$20.99,$356.83,$381.82,
Smoke CO Combo Alarm 10 Yr Batt,,,26,0,0,$42.80,"$1,112.80",$59.97,"$1,559.22","$1,559.22",
Smoke CO Combo Innolink 2pk,,,0,0,0,$44.99,$0.00,$69.99,$0.00,$0.00,
Smoke Detectors 6pk BRK HW,,,2,0,0,$52.84,$105.68,$79.99,$159.98,$171.18,
Smoke/CO Combo Alarm Battery,,,7,0,0,$36.48,$255.36,$49.97,$349.79,$374.29,
Smoke/CO Combo Alarm HW,,,13,0,0,$42.29,$549.77,$59.99,$779.87,$834.47,
"Snap Tiite Connectors 3/4"" 2pk",,,20,0,0,$2.13,$42.60,$3.88,$77.60,$83.00,
"Snaptite 3/8"" Connector 10pk",,,5,0,0,$3.62,$18.10,$8.79,$43.95,$47.05,
"Snow Shovel 18""",,,7,0,0,$8.90,$62.30,$10.99,$76.93,$82.32,
Sock Spray Hood,,,1,0,0,$0.80,$0.80,$4.59,$4.59,$4.91,
SOS Steel Wool Pads 18pk,,,3,0,0,$3.88,$11.64,$5.99,$17.97,$19.23,
"Space Heater Ceramic 9""",,,22,0,0,$24.99,$549.78,$33.99,$747.78,$800.14,
Spacer Non Metalic 24pk,,,1,0,0,$6.87,$6.87,$9.99,$9.99,$10.69,
Spade Bit Set 8pc Milwaukee,,,2,0,0,$20.99,$20.99,$27.99,$55.98,$59.90,
Speedhide Pro EV Zero Flat White,,,0,0,0,$19.58,$0.00,$24.99,$0.00,$0.00,
Spider and Ant Killer Spray 1lb,,,3,0,0,$3.25,$9.75,$8.99,$26.97,$28.86,
"Spiral Tilt Balance 9/16"" RED 32""",,,0,0,0,$13.40,$0.00,$17.40,$0.00,$0.00,
Sponge Heavy Duty QEP,,,0,0,0,$1.54,$0.00,$3.99,$0.00,$0.00,
Spray Bottle 32oz,,,8,0,0,$3.20,$25.60,$5.99,$47.92,$51.28,
Spray Grip Accessory,,,4,0,0,$5.83,$23.32,$7.99,$31.96,$34.20,
Sprayer and Hose Kit Delta Chrome,,,1,0,0,$35.36,$35.36,$41.99,$41.99,$44.93,
Sprayer Lever Handgun,,,1,0,0,$5.91,$5.91,$12.99,$12.99,$13.90,
Stain & Odor Remover Nature's Miracle,,,7,0,0,$5.72,$40.04,$13.99,$97.93,$104.79,
"Stain Brush 2"" Linzer",,,3,0,0,$7.49,$22.47,$10.99,$32.97,$35.28,
Stainless Steel Cleaner Polisher 17oz,,,2,0,0,$4.63,$9.26,$8.59,$17.18,$18.38,
Stainless Steel Scrub Pads 3pk,,,7,0,0,$1.82,$12.74,$3.99,$27.93,$29.89,
"Stanley Razor Scraper 1-1/2""",,,2,0,0,$3.86,$7.72,$5.49,$10.98,$11.74,
"Staple 1/2"" NM Wire 50pk",,,5,0,0,$0.77,$3.85,$4.99,$24.95,$26.70,
"Staple 1/2"" T-50 1250pk",,,3,0,0,$3.98,$11.94,$6.59,$19.77,$21.15,
"Staple 3/8"" T-50 1250pk",,,1,0,0,$1.87,$1.87,$6.59,$6.59,$7.05,
"Staples Insulated Metal 1/2"" 25pk",,,11,0,0,$0.71,$7.81,$2.39,$26.29,$28.16,
"Staples NM Cable Wood 3/4"" 10pk",,,11,0,0,$1.35,$14.85,$2.99,$32.89,$35.20,
Stay Put Dropcloth 9x12,,,14,0,0,$7.89,$86.79,$12.98,$181.72,$194.46,
"Steal Door Hinge 4"" 3pk",,,0,0,0,$6.77,-$6.77,$14.99,$0.00,$0.00,
Steel Wire Brush,,,3,0,0,$2.10,$6.30,$6.79,$20.37,$21.81,
Steel Wool #0 Fine 12pk,,,0,0,0,$1.02,$0.00,$4.59,$0.00,$0.00,
Steel Wool #0000 Super Fine 12pk,,,0,0,0,$0.99,$0.00,$4.59,$0.00,$0.00,
Steel Wool #3 Coarse 12pk,,,0,0,0,$1.02,$0.00,$4.59,$0.00,$0.00,
Steel Wool Fine #0 12pk,,,8,0,0,$1.15,$9.20,$6.99,$55.92,$59.84,
Sterling Deluxe Shower Door,,,0,0,0,$331.64,$0.00,$348.22,$0.00,$0.00,
Storeroom Lever Handle,,,3,0,0,$25.23,$75.69,$34.97,$104.91,$112.26,
Storm Door Chain Replacement,,,4,0,0,$4.68,$18.72,$13.99,$55.96,$59.88,
Storm Door Closer Heavy Duty Black,,,4,0,0,$15.52,$62.08,$29.99,$119.96,$119.96,
Storm Door Closer Standard Duty Black,,,5,0,0,$7.99,$39.95,$13.99,$69.95,$74.85,
"Straight Coupling 3/4"" SharkBite",,,1,0,0,$6.71,$6.71,$9.99,$9.99,$10.69,
"Straight Coupling Barb 1/2x1/2""",,,8,0,0,$1.01,$8.08,$3.59,$28.72,$30.72,
Straight Stop 1/2 Press x 3/8 COMP 5pk,,,0,0,0,$51.38,$0.00,$63.38,$0.00,$0.00,
Straight Stop 1/2FIPx3/8COM,,,14,0,0,$6.54,$91.56,$14.99,$209.86,$224.56,
"Straight Stop 1/4 Turn SharBite 1/2""x1/4"" OD",,,0,0,0,$9.59,$0.00,$11.99,$0.00,$0.00,
"Straight Valve 1/2"" SB x 1/2"" MIP",,,5,0,0,$10.99,$54.95,$13.23,$66.15,$70.80,
Straight Valve 1/2COMx3/8OD COM,,,0,0,0,$5.10,$0.00,$11.99,$0.00,$0.00,
"Straight Valve SharkBite 1/2x3/8""COM",,,6,0,0,$6.05,$36.30,$13.59,$81.54,$87.24,
Streak Free Glass Cleaner Zep 1gal,,,3,0,0,$5.79,$17.37,$9.99,$29.97,$32.07,
"Structural Screws #10x3 1/8"" 236pk",,,1,0,0,$92.04,$92.04,$119.99,$119.99,$128.39,
Super Glue Gel Gorilla,,,1,0,0,$2.06,$2.06,$3.99,$3.99,$4.27,
Super Paint Satin LFG 1gal,,,8,0,0,$31.25,$250.00,$37.99,$303.92,$325.20,
"Supply Line 1/2"" FIP 3/8"" Comp x 12""",,,7,0,0,$1.00,$7.00,$6.19,$43.33,$46.34,
"Supply Line 1/2"" FIP 3/8"" COMP x 16""",,,18,0,0,$1.43,$25.74,$7.59,$136.62,$146.16,
"Supply Line 1/2"" FIP 3/8"" COMP x 20""",,,5,0,0,$0.73,$3.65,$9.59,$47.95,$51.30,
"Supply Line 1/2"" FIP 3/8"" COMP x 30""",,,7,0,0,$4.79,$33.53,$12.99,$90.93,$97.30,
Suspend PolyZone Insecticide 16oz,,,2,0,0,$67.82,$135.64,$79.89,$159.78,$170.96,
Swiffer Dry Sweeping Cloths Refill,,,3,0,0,$4.81,$14.43,$7.99,$23.97,$25.65,
Swiffer Dusters Kit,,,3,0,0,$4.75,$14.25,$9.99,$29.97,$32.07,
Swiffer Wet Jet Pads 15pk,,,3,0,0,$9.16,$27.48,$11.99,$35.97,$38.49,
Swiffer Wet Jet Refill 42.2 oz,,,1,0,0,$5.43,$5.43,$7.19,$7.19,$7.69,
Switch Box PVC Old Work 18 CU IN,,,0,0,0,$3.92,$0.00,$7.99,$0.00,$0.00,
Switch QT 3 Way 15A White,,,9,0,0,$1.44,$12.96,$3.59,$32.31,$34.56,
Switch QT White 15A 120/277V,,,10,0,0,$1.70,$17.00,$2.99,$29.90,$32.00,
Switch SP 15A White,,,3,0,0,$0.87,$2.61,$1.39,$4.17,$4.47,
"T Fitting 3/8x3/8x1/4"" COMP",,,5,0,0,$3.99,$19.95,$5.99,$29.95,$32.05,
"T&P Valve 3/4x3-1/4"" Shank",,,31,0,0,$13.48,$417.88,$20.99,$650.69,$696.26,
Taco 500 Series Panic Exit Device,,,0,0,0,$103.11,$0.00,$153.98,$0.00,$0.00,
Tail Light Assembly Chevy Express,,,0,0,0,$45.98,$0.00,$55.98,$0.00,$0.00,
Tall Gas Water Heater Rheem 40gal,,,4,0,0,$547.95,"$2,191.79",$579.99,"$2,319.96","$2,482.36",
Tank Bolt Set Heavy Duty,,,5,0,0,$1.26,$6.30,$5.99,$29.95,$32.05,
Tank to Bowl Gasket Kit,,,2,0,0,$5.48,$10.96,$8.99,$17.98,$19.24,
"Tank to Bowl Gasket Kit 2"" Everbilt",,,7,0,0,$2.70,$18.90,$13.99,$97.93,$104.79,
"Tank to Bowl Gasket Kit 3""",,,2,0,0,$6.16,$12.32,$9.59,$19.18,$20.52,
Tank to Bowl Gasket Kit Mansfield,,,0,0,0,$3.38,$0.00,$14.99,$0.00,$0.00,
"Tapcon 1/4 x 4"" Concrete Anchors 25pk",,,1,0,0,$15.76,$15.76,$21.99,$21.99,$23.53,
"Tapcon Drill Bit 5/32x4.5""",,,3,0,0,$2.67,$8.01,$7.59,$22.77,$24.36,
"Tapcons 3/16x1 1/4"" 75pk",,,5,0,0,$10.04,$50.20,$19.99,$99.95,$106.95,
"Tapcons 3/16x1 1/4"" 8pk",,,3,0,0,$3.80,$11.40,$6.99,$20.97,$22.44,
"Tapcons 3/16x1 3/4"" 25pk",,,6,0,0,$5.08,$30.48,$10.88,$65.28,$69.84,
"Tapcons 3/16x2 3/4"" 25pk",,,3,0,0,$6.02,$18.06,$12.47,$37.41,$40.02,
"Tee 1/2"" Barb Brass",,,49,0,0,$2.48,$121.52,$6.99,$342.51,$366.52,
"Tee 1/2"" Copper Sweat 10pk",,,1,0,0,$3.33,$3.33,$9.99,$9.99,$10.69,
"Tee 1/2"" Press 10pk",,,0,0,0,$34.84,$0.00,$39.99,$0.00,$0.00,
Terry Towels 12pk,,,13,0,0,$7.59,$91.08,$11.99,$155.87,$166.79,
Thermal Expansion Tank 2gal,,,4,0,0,$26.89,$107.56,$32.89,$131.56,$140.76,
"Thermocouple 18"" Resideo",,,3,0,0,$5.75,$17.25,$14.99,$44.97,$48.12,
"Thermocouple 24"" Eastman",,,3,0,0,$3.49,$10.47,$11.99,$35.97,$38.49,
Thermostat Digital Heat and AC,,,6,0,0,$26.95,$161.70,$32.25,$193.50,$207.06,
Thermostat Heat Only,,,2,0,0,$14.28,$28.56,$22.99,$45.98,$49.20,
Thermostat Heat Only Honeywell,,,6,0,0,$18.58,$111.48,$24.99,$149.94,$160.44,
"Thread Tee Brass 3/4"" FPT",,,2,0,0,$10.16,$20.32,$14.99,$29.98,$32.08,
Tire Plug Kit Slime,,,1,0,0,$4.06,$4.06,$9.99,$9.99,$10.69,
Titan Pro Run Capacitor,,,2,0,0,$11.21,$22.42,$16.21,$32.42,$34.68,
Titanium Drill Bit Set 21pc,,,3,0,0,$15.12,$45.36,$29.97,$89.91,$96.21,
"Titanium Impact Drill Bit 1/2""",,,5,0,0,$10.60,$53.00,$19.99,$99.95,$106.95,
"Titanium Impact Drill Bit 1/4""",,,4,0,0,$1.98,$7.92,$8.49,$33.96,$36.32,
"Titanium Impact Drill Bit 3/16""",,,1,0,0,$1.48,$1.48,$7.99,$7.99,$8.55,
"Titanium Impact Drill Bit 3/32"" 2pk",,,4,0,0,$1.74,$6.96,$7.99,$31.96,$34.20,
"Titanium Impact Drill Bit 3/8""",,,4,0,0,$6.05,$24.20,$17.99,$71.96,$77.00,
"Titanium Impact Drill Bit 5/16""",,,3,0,0,$3.99,$11.97,$13.99,$41.97,$44.91,
Titanium Impact Drill Bit Set 23pc,,,3,0,0,$23.98,$71.94,$44.97,$134.91,$144.36,
Tite Foam Loctite Big Gaps 12oz,,,8,0,0,$6.20,$49.60,$9.99,$79.92,$85.52,
"Toggle Bolt 1/8x2"" 15pk",,,3,0,0,$2.55,$7.65,$7.99,$23.97,$25.65,
"Toggle Bolt 3/16x3"" 10pk",,,3,0,0,$2.50,$7.50,$7.99,$23.97,$25.65,
Toggle Switch Cover 4SQ Exp,,,4,0,0,$1.38,$5.52,$3.99,$15.96,$17.08,
Toggler Dimmer Switch LutronWhite,,,4,0,0,$20.00,$80.00,$27.99,$111.96,$119.80,
Toilet Bolt Set PlumbPak,,,0,0,0,$3.64,$0.00,$7.99,$0.00,$0.00,
"Toilet Bolt Set PlumPak 1/4""",,,3,0,0,$1.80,$5.40,$4.69,$14.07,$15.06,
Toilet Bowl Brush Clear,,,1,0,0,$7.45,$7.45,$13.99,$13.99,$14.97,
"Toilet Connection Kit SharkBite 1/2""",,,1,0,0,$15.09,$15.09,$22.99,$22.99,$24.60,
Toilet Fill Valve 400A 3pk,,,0,0,0,$19.25,$0.00,$23.99,$0.00,$0.00,
Toilet Fill Valve Universal,,,10,0,0,$6.62,$66.20,$10.99,$109.90,$117.60,
Toilet Fill Valve Universal Fluidmaster,,,1,0,0,$9.29,$9.29,$18.99,$18.99,$20.32,
"Toilet Flange Ring PVC 4""",,,4,0,0,$1.85,$7.40,$5.99,$23.96,$25.64,
Toilet Gasket No Seep #10,,,0,0,0,$5.85,$0.00,$8.99,$0.00,$0.00,
Toilet Gasket Waxless Seal,,,1,0,0,$9.43,$9.43,$15.99,$15.99,$17.11,
Toilet Glacier Bay 1.28 GPF Elongated,,,2,0,0,$103.55,$207.10,$129.99,$259.98,$278.18,
Toilet Paper Holder Brushed Nickel,,,3,0,0,$8.12,$24.36,$11.59,$34.77,$37.20,
Toilet Paper Holder Chrome,,,0,0,0,$5.34,$0.00,$15.99,$0.00,$0.00,
Toilet Paper Holder Replacement,,,4,0,0,$1.26,$5.04,$3.59,$14.36,$15.36,
Toilet Paper Scott Case of 80,,,1,0,0,$64.00,$64.00,$73.98,$73.98,$79.16,
Toilet Seat Elongated White,,,5,0,0,$10.99,$54.95,$20.89,$104.45,$111.75,
Toilet Seat Hinge Bolt Set,,,0,0,0,$1.75,$0.00,$3.99,$0.00,$0.00,
Toilet Seat Round White,,,5,0,0,$13.83,$69.15,$18.97,$94.85,$101.50,
Toilet Shims Plastic 4pk,,,10,0,0,$0.79,$7.90,$3.49,$34.90,$37.30,
"Toilet Supply Line 3/8CMP7/8BC12""",,,9,0,0,$2.65,$23.85,$8.07,$72.63,$77.67,
"Toilet Supply Line 3/8CMP7/8BC16""",,,8,0,0,$3.03,$24.24,$8.59,$68.72,$73.52,
Toilet Tank Bolt Set,,,5,0,0,$2.02,$10.10,$4.99,$24.95,$26.70,
Tomcat Attractant Gel 1oz,,,13,0,0,$2.63,$34.19,$7.59,$98.67,$105.56,
Tomcat Bait Station Rat and Mouse,,,30,0,0,$12.69,$380.70,$17.99,$539.70,$577.50,
Tomcat Mouse Bait Station 1pk,,,8,0,0,$5.16,$41.28,$6.97,$55.76,$59.68,
Tomcat Rat Snap Trap,,,23,0,0,$3.53,$81.19,$8.59,$197.57,$211.37,
Tonado Twist Mop Microfiber,,,2,0,0,$10.24,$20.48,$15.99,$31.98,$34.22,
Tork Paper Towel Rolls 6pk,,,4,0,0,$50.83,$203.32,$61.98,$247.92,$265.28,
Tornado Mop Refill 1pk,,,9,0,0,$1.00,$9.00,$9.99,$89.91,$96.21,
Toter Garbage Can Black 32gal,,,9,0,0,$67.47,$607.23,$84.98,$764.82,$818.37,
Toter Recycle Can 32gal,,,3,0,0,$106.20,$318.60,$124.99,$374.97,$401.22,
"Towel Bar 18"" Brushed Nickel",,,2,0,0,$21.49,$42.98,$34.99,$69.98,$74.88,
"Towel Bar 18"" Chrome",,,1,0,0,$7.45,$7.45,$19.99,$19.99,$21.39,
"Towel Bar 24"" Brushed Nickel",,,2,0,0,$21.54,$43.08,$39.99,$79.98,$85.58,
"Towel Bar 24"" Chrome",,,2,0,0,$9.01,$18.02,$19.99,$39.98,$42.78,
Traingular Sanding Paper 6 pk 240 Grit,,,0,0,0,$4.41,$0.00,$5.99,$0.00,$0.00,
Trash Bags 13gal Drawstring 80pk,,,1,0,0,$9.43,$9.43,$24.99,$24.99,$26.74,
Trash Bags Heavy Duty 33gal 50ct,,,4,0,0,$14.97,$59.88,$19.99,$79.96,$85.56,
Trash Bags Tall 13gal 50ct,,,8,0,0,$9.43,$75.44,$12.99,$103.92,$111.20,
Trilancer Cinch Straps,,,0,0,0,$9.98,$0.00,$12.99,$0.00,$0.00,
"Trim Roller 3"" 3/8 Nap 2pk Linzer",,,4,0,0,$1.53,$6.12,$4.59,$18.36,$19.64,
"Trim Roller 3"" 3/8 Nap 2pk Wooster",,,3,0,0,$2.05,$6.15,$6.99,$20.97,$22.44,
Trimmer Head Weed Wacker,,,2,0,0,$27.60,$55.20,$34.99,$69.98,$74.88,
Trimmer Line Milwaukee,,,5,0,0,$19.95,$99.75,$25.99,$129.95,$139.05,
TSP Hard Surface Cleaner 1lb,,,2,0,0,$2.77,$5.54,$7.59,$15.18,$16.24,
Tub & Tile Silicone White GE 10.1oz,,,13,0,0,$6.68,$86.84,$12.99,$168.87,$180.70,
Tub & Tile White Loctite,,,0,0,0,$4.34,$0.00,$8.99,$0.00,$0.00,
Tub and Shower Faucet Chrome 2 Handle,,,0,0,0,$38.78,$0.00,$84.99,$0.00,$0.00,
Tub and Shower Faucet Chrome Single Handle,,,0,0,0,$44.02,$0.00,$79.99,$0.00,$0.00,
Tub and Shower Faucet Moen,,,0,0,0,$143.87,$0.00,$164.99,$0.00,$0.00,
Tub and Tile Refinishing Kit Rust-Oleum,,,5,0,0,$34.78,$173.90,$44.99,$224.95,$240.70,
Tub and Tile Refinishing Spray Homax,,,4,0,0,$31.96,$127.84,$42.99,$171.96,$184.00,
"Tub Spout Universal 5"" Chrome",,,6,0,0,$12.19,$73.14,$18.96,$113.76,$121.74,
Tub Spout Universal Chrome Danco,,,5,0,0,$7.30,$36.50,$18.99,$94.95,$101.60,
Tub Surround 60x60 3 Piece American Standard,,,0,0,0,$291.30,$0.00,$295.30,$0.00,$0.00,
"Tube Vinyl 1/2""ID x 5/8""OD By The Foot",,,30,0,0,$0.43,$12.90,$0.79,$23.70,$25.50,
"Tube Vinyl 3/8""ID x 9/16""OD By The Foot",,,30,0,0,$0.00,$0.00,$0.00,$0.00,$0.00,
Tuf-Tex Wall and Ceiling Texture Sheetrock,,,3,0,0,$15.44,$46.32,$20.07,$60.21,$60.21,
Type S Mortar Mix 80lb,,,2,0,0,$7.98,$15.96,$8.98,$17.96,$19.22,
Tyvek Coveralls Large,,,0,0,0,$6.81,$0.00,$15.99,$0.00,$0.00,
Tyvek Coveralls Medium,,,3,0,0,$6.18,$18.54,$15.99,$47.97,$51.33,
Tyvek Coveralls XL,,,4,0,0,$6.50,$26.00,$17.99,$71.96,$77.00,
Unger Squeegee,,,2,0,0,$7.36,$14.72,$10.49,$20.98,$22.44,
"Universal 2"" Flapper Red",,,14,0,0,$0.69,$9.66,$6.99,$97.86,$104.72,
"Universal 3"" Flapper Red",,,6,0,0,$7.85,$47.10,$15.99,$95.94,$102.66,
Universal Pop Up Drain Chrome,,,4,0,0,$8.05,$32.20,$12.99,$51.96,$55.60,
Universal Premium Flame Sensor,,,2,0,0,$26.52,$53.04,$34.52,$69.04,$73.88,
USG Radar 2x2' Tapered Ceiling Tile,,,12,0,0,$3.76,$45.12,$7.59,$91.08,$97.44,
Utility Blades 5pk,,,0,0,0,$1.67,$0.00,$2.49,$0.00,$0.00,
Utility Tote Bag,,,0,0,0,$19.99,$0.00,$22.99,$0.00,$0.00,
Utility Tub 20gal Kit,,,1,0,0,$81.90,$81.90,$109.99,$109.99,$117.69,
Vacmaster Dust Bags 8-10gal 3pk,,,0,0,0,$10.99,$0.00,$14.99,$0.00,$0.00,
Vacuum Bissell CleanView Compact,,,0,0,0,$63.49,$0.00,$73.49,$0.00,$0.00,
"Valve Adapter 3/8"" BrassCraft",,,6,0,0,$1.00,$6.00,$10.99,$65.94,$70.56,
"Valve Seal 2"" Mansfield",,,6,0,0,$1.06,$6.36,$3.99,$23.94,$25.62,
"Vanity White 24"" Home Decorators",,,0,0,0,$258.24,$0.00,$278.24,$0.00,$0.00,
Vanity White 31x22 Ariel Hepburn,,,0,0,0,$628.65,$0.00,$630.65,$0.00,$0.00,
"Vinyl Blind 1"" White 24x64""",,,3,0,0,$7.12,$21.36,$10.99,$32.97,$35.28,
"Vinyl Blind 1"" White 29x64""",,,3,0,0,$8.48,$25.44,$11.99,$35.97,$38.49,
"Vinyl Blind 1"" White 35x64""",,,2,0,0,$8.36,$16.72,$13.99,$27.98,$29.94,
Vinyl Concrete Patcher Quikrete 10lb,,,2,0,0,$7.40,$14.80,$14.99,$29.98,$32.08,
Vinyl Reducer Moulding Smokey Maple,,,0,0,0,$47.48,$0.00,$57.48,$0.00,$0.00,
"Vinyl Shutters 1 Pair 14.5x52""",,,0,0,0,$53.50,$0.00,$69.99,$0.00,$0.00,
"Vinyl Stair Tread 24"" Singles",,,49,0,0,$4.26,$208.74,$4.89,$239.61,$256.27,
Vornado Whole Room Heater 120v,,,0,0,0,$79.14,$0.00,$89.99,$0.00,$0.00,
Wall Key Safe,,,6,0,0,$24.51,$147.06,$44.25,$265.50,$284.10,
"Wall Patch 4""x4"" Fibatape",,,10,0,0,$2.49,$24.90,$6.99,$69.90,$74.80,
"Wall Patch 6""x6"" Fibatape",,,10,0,0,$2.99,$29.90,$7.99,$79.90,$85.50,
"Wall Patch 8""x8"" Fibatape",,,7,0,0,$3.49,$24.43,$8.99,$62.93,$67.34,
"Wall Protector White 5""",,,4,0,0,$3.59,$14.36,$4.59,$18.36,$19.64,
"Wall Register 8x6"" White",,,0,0,0,$29.49,$0.00,$34.49,$0.00,$0.00,
Wall Repair White 16oz Gorilla,,,6,0,0,$6.00,$36.00,$11.99,$71.94,$76.98,
Wall Sconce WHT/CHRM,,,0,0,0,$14.87,$0.00,$29.99,$0.00,$0.00,
Wallplate 2G Toggle White,,,18,0,0,$0.99,$17.82,$2.39,$43.02,$46.08,
Wallplate Decora 1g White,,,19,0,0,$0.28,$5.32,$0.99,$18.81,$20.14,
Wallplate Duplex Recept 1g White,,,26,0,0,$0.35,$9.10,$0.99,$25.74,$27.56,
Wallplate Oversized 2G-R White,,,9,0,0,$1.18,$10.62,$2.99,$26.91,$28.80,
Wallplate Toggle Switch 1g White,,,21,0,0,$0.35,$7.35,$0.99,$20.79,$22.26,
Washing Machine Hoses 2pk 5',,,4,0,0,$13.49,$53.96,$27.98,$111.92,$119.76,
"Washing Machine Line 3/4x3/4x60""",,,2,0,0,$10.53,$21.06,$19.99,$39.98,$42.78,
Washing Machine Outlet Box,,,2,0,0,$48.46,$96.92,$54.85,$109.70,$117.38,
Wasp and Hornet Killer 14oz,,,2,0,0,$4.77,$9.54,$7.99,$15.98,$17.10,
Water Heater Runoff Tube Side Mount,,,5,0,0,$5.83,$29.15,$7.83,$39.15,$41.90,
Water Heater Runoff Tube Top Mount,,,3,0,0,$9.16,$27.48,$12.79,$38.37,$41.07,
Wax Free Toilet Seal Fernco,,,5,0,0,$4.10,$20.50,$6.99,$34.95,$37.40,
Wax Ring Extra Thick Everbilt,,,7,0,0,$1.66,$11.62,$4.99,$34.93,$37.38,
Wax Ring Standard,,,15,0,0,$1.03,$15.45,$3.59,$53.85,$57.60,
WD40 Smart Straw 2.75oz,,,6,0,0,$4.55,$27.30,$6.35,$38.10,$40.74,
Weatherproof Covered Box 1 Gang,,,5,0,0,$8.50,$42.50,$21.24,$106.20,$113.65,
Weatherproof Covered Box 2 Gang,,,2,0,0,$9.59,$19.18,$18.99,$37.98,$40.64,
Weatherseal Self Stick 10ft Roll,,,6,0,0,$5.82,$34.92,$9.99,$59.94,$64.14,
"Weatherstrip Foam 1""",,,0,0,0,$15.69,$0.00,$23.99,$0.00,$0.00,
WeedClear Weed Killer Ortho,,,1,0,0,$10.15,$10.15,$17.99,$17.99,$19.25,
White Ext Balusters 5pk,,,0,0,0,$58.25,$0.00,$68.25,$0.00,$0.00,
White Lightning All Purpose White Caulk,,,0,0,0,$2.26,$0.00,$4.99,$0.00,$0.00,
"White Louver Shutters 14.5x60"" Pair",,,0,0,0,$80.50,$0.00,$85.50,$0.00,$0.00,
White Paint Marker,,,8,0,0,$4.85,$38.80,$6.59,$52.72,$56.40,
"Window AC Unit 8,000 BTU",,,2,0,0,$223.20,$446.40,$309.99,$619.98,$663.38,
Window and Door Foam Great Stuff 12oz,,,6,0,0,$8.29,$49.74,$12.99,$77.94,$83.40,
Window Bolt 2in,,,12,0,0,$3.10,$37.20,$4.47,$53.64,$57.36,
Window Crank Replacement Set,,,0,0,0,$73.49,$0.00,$98.97,$0.00,$0.00,
Window Insulating Film Kit 3M,,,0,0,0,$15.06,$0.00,$22.99,$0.00,$0.00,
Windshield Wash De-Icer Peak,,,0,0,0,$6.00,$0.00,$8.99,$0.00,$0.00,
Wire 10/3 NMWG by the foot,,,80,0,0,$1.97,$157.60,$3.99,$319.20,$341.60,
Wire 12 THHN SLD GRN by the foot,,,442,0,0,$0.15,$66.30,$0.99,$437.58,$468.52,
Wire 12/2 NMWG by the foot,,,667,0,0,$1.00,$667.00,$2.59,"$1,727.53","$1,847.59",
Wire 14/2 NMWG by the foot,,,757,0,0,$0.29,$219.53,$1.59,"$1,203.63","$1,286.90",
Wire 4 Bare Copper Solid by the foot,,,188,0,0,$1.17,$219.96,$3.59,$674.92,$721.92,
Wire Nuts 14-10 AWG Green 6pk,,,0,0,0,$0.88,$0.00,$3.59,$0.00,$0.00,
Wire Nuts 14-6 AWG Blue 2pk,,,7,0,0,$0.89,$6.23,$2.79,$19.53,$20.93,
Wire Nuts 22-14AWG 12pk,,,5,0,0,$0.82,$4.10,$2.59,$12.95,$13.85,
Wire Nuts WingGard 22-6AWG Red 6pk,,,5,0,0,$0.88,$4.40,$2.79,$13.95,$14.95,
Wire Nuts Yellow 15pk,,,22,0,0,$4.25,$93.50,$5.25,$115.50,$123.64,
Wood and Paint Scraper,,,4,0,0,$1.55,$6.20,$6.59,$26.36,$28.20,
Wood Filler DAP 3oz,,,3,0,0,$3.99,$11.97,$8.99,$26.97,$28.86,
"Wooster Sherlock 2-4"" Adjustable Pole",,,0,0,0,$22.06,$0.00,$28.06,$0.00,$0.00,
Work Gloves XL Husky,,,0,0,0,$12.24,$0.00,$21.99,$0.00,$0.00,
XL Lighter,,,5,0,0,$4.05,$20.25,$7.99,$39.95,$42.75,
Zero Scratch Sponge Scotch Brite 3pk,,,13,0,0,$3.58,$46.54,$5.95,$77.35,$82.81,
,,,10269,0,0,"$26,884.54","$61,885.04","$36,525.72","$103,198.59","$110,113.06",
